-- phpMyAdmin SQL Dump
-- version 5.2.0
-- https://www.phpmyadmin.net/
--
-- Host: localhost
-- Generation Time: Sep 23, 2022 at 03:36 PM
-- Server version: 10.4.24-MariaDB
-- PHP Version: 7.4.29

SET SQL_MODE = "NO_AUTO_VALUE_ON_ZERO";
START TRANSACTION;
SET time_zone = "+00:00";


/*!40101 SET @OLD_CHARACTER_SET_CLIENT=@@CHARACTER_SET_CLIENT */;
/*!40101 SET @OLD_CHARACTER_SET_RESULTS=@@CHARACTER_SET_RESULTS */;
/*!40101 SET @OLD_COLLATION_CONNECTION=@@COLLATION_CONNECTION */;
/*!40101 SET NAMES utf8mb4 */;

--
-- Database: `triad_db`
--

-- --------------------------------------------------------

--
-- Table structure for table `checklist`
--

CREATE TABLE `checklist` (
  `id` int(255) NOT NULL,
  `check_list_name` varchar(255) NOT NULL,
  `total_weight` int(255) NOT NULL
) ENGINE=InnoDB DEFAULT CHARSET=utf8mb4;

--
-- Dumping data for table `checklist`
--

INSERT INTO `checklist` (`id`, `check_list_name`, `total_weight`) VALUES
(1, 'Recognition', 10),
(2, 'Preparation', 10),
(3, 'Identifying Focus metrics and Follow Through', 15),
(4, 'Identify Behaviours', 15),
(5, 'Ask the agent(SMART Action)', 20),
(6, 'Set Targets', 15),
(7, 'Summary/Buy-in', 15);

-- --------------------------------------------------------

--
-- Table structure for table `historical_data`
--

CREATE TABLE `historical_data` (
  `id` int(11) NOT NULL,
  `checklistID` int(11) DEFAULT NULL,
  `paramID` int(11) DEFAULT NULL,
  `sessionID` int(11) DEFAULT NULL,
  `weight` varchar(250) DEFAULT NULL,
  `calc_weight_tbd` float DEFAULT NULL,
  `total_weight` int(11) DEFAULT NULL,
  `calc_total_weight_percentage` float DEFAULT NULL,
  `start_time` varchar(255) DEFAULT NULL,
  `end_time` varchar(255) DEFAULT NULL,
  `coachedID` int(11) DEFAULT NULL,
  `coached_departmentID` int(11) DEFAULT NULL,
  `coached_by` int(11) DEFAULT NULL,
  `date_created` varchar(255) DEFAULT NULL,
  `comment` longtext DEFAULT NULL
) ENGINE=InnoDB DEFAULT CHARSET=utf8mb4;

--
-- Dumping data for table `historical_data`
--

INSERT INTO `historical_data` (`id`, `checklistID`, `paramID`, `sessionID`, `weight`, `calc_weight_tbd`, `total_weight`, `calc_total_weight_percentage`, `start_time`, `end_time`, `coachedID`, `coached_departmentID`, `coached_by`, `date_created`, `comment`) VALUES
(1, 1, 1, 404, 'no', 0, 10, 75, '2022-09-15 11:51:24 PM', '2022-09-15 11:51:42 PM', 10026, 24, 10232, '2022-09-15', '\'\'\'heuebbd'),
(2, 1, 2, 404, 'yes', 2.5, 10, 75, '2022-09-15 11:51:24 PM', '2022-09-15 11:51:42 PM', 10026, 24, 10232, '2022-09-15', 'Nsjai\'\"\"jeuevvd'),
(3, 2, 3, 404, 'yes', 3.33333, 10, 100, '2022-09-15 11:51:24 PM', '2022-09-15 11:51:42 PM', 10026, 24, 10232, '2022-09-15', 'N/A'),
(4, 2, 4, 404, 'yes', 3.33333, 10, 100, '2022-09-15 11:51:24 PM', '2022-09-15 11:51:42 PM', 10026, 24, 10232, '2022-09-15', 'N/A'),
(5, 1, 5, 404, 'yes', 2.5, 10, 75, '2022-09-15 11:51:24 PM', '2022-09-15 11:51:42 PM', 10026, 24, 10232, '2022-09-15', 'Bahuei\'hehvev'),
(6, 1, 6, 404, 'yes', 2.5, 10, 75, '2022-09-15 11:51:24 PM', '2022-09-15 11:51:42 PM', 10026, 24, 10232, '2022-09-15', 'N/A'),
(7, 2, 7, 404, 'yes', 3.33333, 10, 100, '2022-09-15 11:51:24 PM', '2022-09-15 11:51:42 PM', 10026, 24, 10232, '2022-09-15', 'N/A'),
(8, 3, 8, 404, 'yes', 3.75, 15, 100, '2022-09-15 11:51:24 PM', '2022-09-15 11:51:42 PM', 10026, 24, 10232, '2022-09-15', 'N/A'),
(9, 3, 9, 404, 'yes', 3.75, 15, 100, '2022-09-15 11:51:24 PM', '2022-09-15 11:51:42 PM', 10026, 24, 10232, '2022-09-15', 'N/A'),
(10, 3, 10, 404, 'yes', 3.75, 15, 100, '2022-09-15 11:51:24 PM', '2022-09-15 11:51:42 PM', 10026, 24, 10232, '2022-09-15', 'N/A'),
(11, 3, 11, 404, 'yes', 3.75, 15, 100, '2022-09-15 11:51:24 PM', '2022-09-15 11:51:42 PM', 10026, 24, 10232, '2022-09-15', 'N/A'),
(12, 4, 12, 404, 'yes', 3.75, 15, 100, '2022-09-15 11:51:24 PM', '2022-09-15 11:51:42 PM', 10026, 24, 10232, '2022-09-15', 'N/A'),
(13, 4, 13, 404, 'yes', 3.75, 15, 100, '2022-09-15 11:51:24 PM', '2022-09-15 11:51:42 PM', 10026, 24, 10232, '2022-09-15', 'N/A'),
(14, 4, 14, 404, 'yes', 3.75, 15, 100, '2022-09-15 11:51:24 PM', '2022-09-15 11:51:42 PM', 10026, 24, 10232, '2022-09-15', 'N/A'),
(15, 4, 15, 404, 'yes', 3.75, 15, 100, '2022-09-15 11:51:24 PM', '2022-09-15 11:51:42 PM', 10026, 24, 10232, '2022-09-15', 'N/A'),
(16, 5, 16, 404, 'yes', 4, 20, 100, '2022-09-15 11:51:24 PM', '2022-09-15 11:51:42 PM', 10026, 24, 10232, '2022-09-15', 'N/A'),
(17, 5, 17, 404, 'yes', 4, 20, 100, '2022-09-15 11:51:24 PM', '2022-09-15 11:51:42 PM', 10026, 24, 10232, '2022-09-15', 'N/A'),
(18, 5, 18, 404, 'yes', 4, 20, 100, '2022-09-15 11:51:24 PM', '2022-09-15 11:51:42 PM', 10026, 24, 10232, '2022-09-15', 'N/A'),
(19, 5, 19, 404, 'yes', 4, 20, 100, '2022-09-15 11:51:24 PM', '2022-09-15 11:51:42 PM', 10026, 24, 10232, '2022-09-15', 'N/A'),
(20, 5, 20, 404, 'yes', 4, 20, 100, '2022-09-15 11:51:24 PM', '2022-09-15 11:51:42 PM', 10026, 24, 10232, '2022-09-15', 'N/A'),
(21, 6, 21, 404, 'yes', 15, 15, 100, '2022-09-15 11:51:24 PM', '2022-09-15 11:51:42 PM', 10026, 24, 10232, '2022-09-15', 'N/A'),
(22, 7, 22, 404, 'yes', 3.75, 15, 75, '2022-09-15 11:51:24 PM', '2022-09-15 11:51:42 PM', 10026, 24, 10232, '2022-09-15', 'N/A'),
(23, 7, 23, 404, 'yes', 3.75, 15, 75, '2022-09-15 11:51:24 PM', '2022-09-15 11:51:42 PM', 10026, 24, 10232, '2022-09-15', 'N/A'),
(24, 7, 24, 404, 'yes', 3.75, 15, 75, '2022-09-15 11:51:24 PM', '2022-09-15 11:51:42 PM', 10026, 24, 10232, '2022-09-15', 'N/A'),
(25, 7, 25, 404, 'no', 0, 15, 75, '2022-09-15 11:51:24 PM', '2022-09-15 11:51:42 PM', 10026, 24, 10232, '2022-09-15', '\'-#-hwuwivd'),
(26, 1, 1, 418, 'yes', 0.625, 10, 100, '2022-09-17 10:39:24 PM', '2022-09-17 10:56:40 PM', 10073, 24, 10232, '2022-09-17', '\'\'\'heuebbd'),
(27, 1, 2, 418, 'yes', 0.625, 10, 100, '2022-09-17 10:39:24 PM', '2022-09-17 10:56:40 PM', 10073, 24, 10232, '2022-09-17', 'Nsjai\'\"\"jeuevvd'),
(28, 2, 3, 418, 'yes', 0.833333, 10, 100, '2022-09-17 10:39:24 PM', '2022-09-17 10:56:40 PM', 10073, 24, 10232, '2022-09-17', 'N/A'),
(29, 2, 4, 418, 'yes', 0.833333, 10, 100, '2022-09-17 10:39:24 PM', '2022-09-17 10:56:40 PM', 10073, 24, 10232, '2022-09-17', 'N/A'),
(30, 1, 5, 418, 'yes', 0.625, 10, 100, '2022-09-17 10:39:24 PM', '2022-09-17 10:56:40 PM', 10073, 24, 10232, '2022-09-17', 'Bahuei\'hehvev'),
(31, 1, 6, 418, 'yes', 0.625, 10, 100, '2022-09-17 10:39:24 PM', '2022-09-17 10:56:40 PM', 10073, 24, 10232, '2022-09-17', 'N/A'),
(32, 2, 7, 418, 'yes', 0.833333, 10, 100, '2022-09-17 10:39:24 PM', '2022-09-17 10:56:40 PM', 10073, 24, 10232, '2022-09-17', 'N/A'),
(33, 3, 8, 418, 'yes', 0.9375, 15, 100, '2022-09-17 10:39:24 PM', '2022-09-17 10:56:40 PM', 10073, 24, 10232, '2022-09-17', 'N/A'),
(34, 3, 9, 418, 'yes', 0.9375, 15, 100, '2022-09-17 10:39:24 PM', '2022-09-17 10:56:40 PM', 10073, 24, 10232, '2022-09-17', 'N/A'),
(35, 3, 10, 418, 'yes', 0.9375, 15, 100, '2022-09-17 10:39:24 PM', '2022-09-17 10:56:40 PM', 10073, 24, 10232, '2022-09-17', 'N/A'),
(36, 3, 11, 418, 'yes', 0.9375, 15, 100, '2022-09-17 10:39:24 PM', '2022-09-17 10:56:40 PM', 10073, 24, 10232, '2022-09-17', 'N/A'),
(37, 4, 12, 418, 'yes', 0.9375, 15, 100, '2022-09-17 10:39:24 PM', '2022-09-17 10:56:40 PM', 10073, 24, 10232, '2022-09-17', 'N/A'),
(38, 4, 13, 418, 'yes', 0.9375, 15, 100, '2022-09-17 10:39:24 PM', '2022-09-17 10:56:40 PM', 10073, 24, 10232, '2022-09-17', 'N/A'),
(39, 4, 14, 418, 'yes', 0.9375, 15, 100, '2022-09-17 10:39:24 PM', '2022-09-17 10:56:40 PM', 10073, 24, 10232, '2022-09-17', 'N/A'),
(40, 4, 15, 418, 'yes', 0.9375, 15, 100, '2022-09-17 10:39:24 PM', '2022-09-17 10:56:40 PM', 10073, 24, 10232, '2022-09-17', 'N/A'),
(41, 5, 16, 418, 'yes', 1, 20, 100, '2022-09-17 10:39:24 PM', '2022-09-17 10:56:40 PM', 10073, 24, 10232, '2022-09-17', 'N/A'),
(42, 5, 17, 418, 'yes', 1, 20, 100, '2022-09-17 10:39:24 PM', '2022-09-17 10:56:40 PM', 10073, 24, 10232, '2022-09-17', 'N/A'),
(43, 5, 18, 418, 'yes', 1, 20, 100, '2022-09-17 10:39:24 PM', '2022-09-17 10:56:40 PM', 10073, 24, 10232, '2022-09-17', 'N/A'),
(44, 5, 19, 418, 'yes', 1, 20, 100, '2022-09-17 10:39:24 PM', '2022-09-17 10:56:40 PM', 10073, 24, 10232, '2022-09-17', 'N/A'),
(45, 5, 20, 418, 'yes', 1, 20, 100, '2022-09-17 10:39:24 PM', '2022-09-17 10:56:40 PM', 10073, 24, 10232, '2022-09-17', 'N/A'),
(46, 6, 21, 418, 'yes', 3.75, 15, 100, '2022-09-17 10:39:24 PM', '2022-09-17 10:56:40 PM', 10073, 24, 10232, '2022-09-17', 'N/A'),
(47, 7, 22, 418, 'yes', 0.9375, 15, 25, '2022-09-17 10:39:24 PM', '2022-09-17 10:56:40 PM', 10073, 24, 10232, '2022-09-17', 'N/A'),
(48, 7, 23, 418, 'yes', 0, 15, 25, '2022-09-17 10:39:24 PM', '2022-09-17 10:56:40 PM', 10073, 24, 10232, '2022-09-17', 'N/A'),
(49, 7, 24, 418, 'yes', 0, 15, 25, '2022-09-17 10:39:24 PM', '2022-09-17 10:56:40 PM', 10073, 24, 10232, '2022-09-17', 'N/A'),
(50, 7, 25, 418, 'no', 0, 15, 25, '2022-09-17 10:39:24 PM', '2022-09-17 10:56:40 PM', 10073, 24, 10232, '2022-09-17', '\'-#-hwuwivd'),
(51, 1, 1, 418, 'yes', 0.625, 10, 100, '2022-09-17 10:58:57 PM', '2022-09-17 10:59:08 PM', 10747, 24, 10232, '2022-09-17', '\'\'\'heuebbd'),
(52, 1, 2, 418, 'yes', 0.625, 10, 100, '2022-09-17 10:58:57 PM', '2022-09-17 10:59:08 PM', 10747, 24, 10232, '2022-09-17', 'Nsjai\'\"\"jeuevvd'),
(53, 2, 3, 418, 'yes', 0.833333, 10, 100, '2022-09-17 10:58:57 PM', '2022-09-17 10:59:08 PM', 10747, 24, 10232, '2022-09-17', 'N/A'),
(54, 2, 4, 418, 'yes', 0.833333, 10, 100, '2022-09-17 10:58:57 PM', '2022-09-17 10:59:08 PM', 10747, 24, 10232, '2022-09-17', 'N/A'),
(55, 1, 5, 418, 'yes', 0.625, 10, 100, '2022-09-17 10:58:57 PM', '2022-09-17 10:59:08 PM', 10747, 24, 10232, '2022-09-17', 'Bahuei\'hehvev'),
(56, 1, 6, 418, 'yes', 0.625, 10, 100, '2022-09-17 10:58:57 PM', '2022-09-17 10:59:08 PM', 10747, 24, 10232, '2022-09-17', 'N/A'),
(57, 2, 7, 418, 'yes', 0.833333, 10, 100, '2022-09-17 10:58:57 PM', '2022-09-17 10:59:08 PM', 10747, 24, 10232, '2022-09-17', 'N/A'),
(58, 3, 8, 418, 'yes', 0.9375, 15, 100, '2022-09-17 10:58:57 PM', '2022-09-17 10:59:08 PM', 10747, 24, 10232, '2022-09-17', 'N/A'),
(59, 3, 9, 418, 'yes', 0.9375, 15, 100, '2022-09-17 10:58:57 PM', '2022-09-17 10:59:08 PM', 10747, 24, 10232, '2022-09-17', 'N/A'),
(60, 3, 10, 418, 'yes', 0.9375, 15, 100, '2022-09-17 10:58:57 PM', '2022-09-17 10:59:08 PM', 10747, 24, 10232, '2022-09-17', 'N/A'),
(61, 3, 11, 418, 'yes', 0.9375, 15, 100, '2022-09-17 10:58:57 PM', '2022-09-17 10:59:08 PM', 10747, 24, 10232, '2022-09-17', 'N/A'),
(62, 4, 12, 418, 'yes', 0.9375, 15, 100, '2022-09-17 10:58:57 PM', '2022-09-17 10:59:08 PM', 10747, 24, 10232, '2022-09-17', 'N/A'),
(63, 4, 13, 418, 'yes', 0.9375, 15, 100, '2022-09-17 10:58:57 PM', '2022-09-17 10:59:08 PM', 10747, 24, 10232, '2022-09-17', 'N/A'),
(64, 4, 14, 418, 'yes', 0.9375, 15, 100, '2022-09-17 10:58:57 PM', '2022-09-17 10:59:08 PM', 10747, 24, 10232, '2022-09-17', 'N/A'),
(65, 4, 15, 418, 'yes', 0.9375, 15, 100, '2022-09-17 10:58:57 PM', '2022-09-17 10:59:08 PM', 10747, 24, 10232, '2022-09-17', 'N/A'),
(66, 5, 16, 418, 'yes', 1, 20, 100, '2022-09-17 10:58:57 PM', '2022-09-17 10:59:08 PM', 10747, 24, 10232, '2022-09-17', 'N/A'),
(67, 5, 17, 418, 'yes', 1, 20, 100, '2022-09-17 10:58:57 PM', '2022-09-17 10:59:08 PM', 10747, 24, 10232, '2022-09-17', 'N/A'),
(68, 5, 18, 418, 'yes', 1, 20, 100, '2022-09-17 10:58:57 PM', '2022-09-17 10:59:08 PM', 10747, 24, 10232, '2022-09-17', 'N/A'),
(69, 5, 19, 418, 'yes', 1, 20, 100, '2022-09-17 10:58:57 PM', '2022-09-17 10:59:08 PM', 10747, 24, 10232, '2022-09-17', 'N/A'),
(70, 5, 20, 418, 'yes', 1, 20, 100, '2022-09-17 10:58:57 PM', '2022-09-17 10:59:08 PM', 10747, 24, 10232, '2022-09-17', 'N/A'),
(71, 6, 21, 418, 'yes', 3.75, 15, 100, '2022-09-17 10:58:57 PM', '2022-09-17 10:59:08 PM', 10747, 24, 10232, '2022-09-17', 'N/A'),
(72, 7, 22, 418, 'yes', 0.9375, 15, 25, '2022-09-17 10:58:57 PM', '2022-09-17 10:59:08 PM', 10747, 24, 10232, '2022-09-17', 'N/A'),
(73, 7, 23, 418, 'yes', 0, 15, 25, '2022-09-17 10:58:57 PM', '2022-09-17 10:59:08 PM', 10747, 24, 10232, '2022-09-17', 'N/A'),
(74, 7, 24, 418, 'yes', 0, 15, 25, '2022-09-17 10:58:57 PM', '2022-09-17 10:59:08 PM', 10747, 24, 10232, '2022-09-17', 'N/A'),
(75, 7, 25, 418, 'no', 0, 15, 25, '2022-09-17 10:58:57 PM', '2022-09-17 10:59:08 PM', 10747, 24, 10232, '2022-09-17', '\'-#-hwuwivd'),
(76, 1, 1, 418, 'yes', 0.625, 10, 100, '2022-09-17 11:02:59 PM', '2022-09-17 11:03:27 PM', 10418, 24, 10232, '2022-09-17', '\'\'\'heuebbd'),
(77, 1, 2, 418, 'yes', 0.625, 10, 100, '2022-09-17 11:02:59 PM', '2022-09-17 11:03:27 PM', 10418, 24, 10232, '2022-09-17', 'Nsjai\'\"\"jeuevvd'),
(78, 2, 3, 418, 'no', 0.833333, 10, 100, '2022-09-17 11:02:59 PM', '2022-09-17 11:03:27 PM', 10418, 24, 10232, '2022-09-17', 'N/A'),
(79, 2, 4, 418, 'yes', 0.833333, 10, 100, '2022-09-17 11:02:59 PM', '2022-09-17 11:03:27 PM', 10418, 24, 10232, '2022-09-17', 'N/A'),
(80, 1, 5, 418, 'yes', 0.625, 10, 100, '2022-09-17 11:02:59 PM', '2022-09-17 11:03:27 PM', 10418, 24, 10232, '2022-09-17', 'Bahuei\'hehvev'),
(81, 1, 6, 418, 'yes', 0.625, 10, 100, '2022-09-17 11:02:59 PM', '2022-09-17 11:03:27 PM', 10418, 24, 10232, '2022-09-17', 'N/A'),
(82, 2, 7, 418, 'yes', 0.833333, 10, 100, '2022-09-17 11:02:59 PM', '2022-09-17 11:03:27 PM', 10418, 24, 10232, '2022-09-17', 'N/A'),
(83, 3, 8, 418, 'yes', 0.9375, 15, 100, '2022-09-17 11:02:59 PM', '2022-09-17 11:03:27 PM', 10418, 24, 10232, '2022-09-17', 'N/A'),
(84, 3, 9, 418, 'no', 0.9375, 15, 100, '2022-09-17 11:02:59 PM', '2022-09-17 11:03:27 PM', 10418, 24, 10232, '2022-09-17', 'N/A'),
(85, 3, 10, 418, 'yes', 0.9375, 15, 100, '2022-09-17 11:02:59 PM', '2022-09-17 11:03:27 PM', 10418, 24, 10232, '2022-09-17', 'N/A'),
(86, 3, 11, 418, 'yes', 0.9375, 15, 100, '2022-09-17 11:02:59 PM', '2022-09-17 11:03:27 PM', 10418, 24, 10232, '2022-09-17', 'N/A'),
(87, 4, 12, 418, 'yes', 0.9375, 15, 100, '2022-09-17 11:02:59 PM', '2022-09-17 11:03:27 PM', 10418, 24, 10232, '2022-09-17', 'N/A'),
(88, 4, 13, 418, 'yes', 0.9375, 15, 100, '2022-09-17 11:02:59 PM', '2022-09-17 11:03:27 PM', 10418, 24, 10232, '2022-09-17', 'N/A'),
(89, 4, 14, 418, 'yes', 0.9375, 15, 100, '2022-09-17 11:02:59 PM', '2022-09-17 11:03:27 PM', 10418, 24, 10232, '2022-09-17', 'N/A'),
(90, 4, 15, 418, 'yes', 0.9375, 15, 100, '2022-09-17 11:02:59 PM', '2022-09-17 11:03:27 PM', 10418, 24, 10232, '2022-09-17', 'N/A'),
(91, 5, 16, 418, 'yes', 1, 20, 100, '2022-09-17 11:02:59 PM', '2022-09-17 11:03:27 PM', 10418, 24, 10232, '2022-09-17', 'N/A'),
(92, 5, 17, 418, 'yes', 1, 20, 100, '2022-09-17 11:02:59 PM', '2022-09-17 11:03:27 PM', 10418, 24, 10232, '2022-09-17', 'N/A'),
(93, 5, 18, 418, 'yes', 1, 20, 100, '2022-09-17 11:02:59 PM', '2022-09-17 11:03:27 PM', 10418, 24, 10232, '2022-09-17', 'N/A'),
(94, 5, 19, 418, 'no', 1, 20, 100, '2022-09-17 11:02:59 PM', '2022-09-17 11:03:27 PM', 10418, 24, 10232, '2022-09-17', 'N/A'),
(95, 5, 20, 418, 'yes', 1, 20, 100, '2022-09-17 11:02:59 PM', '2022-09-17 11:03:27 PM', 10418, 24, 10232, '2022-09-17', 'N/A'),
(96, 6, 21, 418, 'yes', 3.75, 15, 100, '2022-09-17 11:02:59 PM', '2022-09-17 11:03:27 PM', 10418, 24, 10232, '2022-09-17', 'N/A'),
(97, 7, 22, 418, 'yes', 0.9375, 15, 25, '2022-09-17 11:02:59 PM', '2022-09-17 11:03:27 PM', 10418, 24, 10232, '2022-09-17', 'N/A'),
(98, 7, 23, 418, 'yes', 0, 15, 25, '2022-09-17 11:02:59 PM', '2022-09-17 11:03:27 PM', 10418, 24, 10232, '2022-09-17', 'N/A'),
(99, 7, 24, 418, 'no', 0, 15, 25, '2022-09-17 11:02:59 PM', '2022-09-17 11:03:27 PM', 10418, 24, 10232, '2022-09-17', 'N/A'),
(100, 7, 25, 418, 'no', 0, 15, 25, '2022-09-17 11:02:59 PM', '2022-09-17 11:03:27 PM', 10418, 24, 10232, '2022-09-17', '\'-#-hwuwivd'),
(101, 1, 1, 418, 'yes', 0.625, 10, 100, '2022-09-17 11:22:20 PM', '2022-09-18 12:06:07 AM', 10415, 24, 10232, '2022-09-18', '\'\'\'heuebbd'),
(102, 1, 2, 418, 'yes', 0.625, 10, 100, '2022-09-17 11:22:20 PM', '2022-09-18 12:06:07 AM', 10415, 24, 10232, '2022-09-18', 'Nsjai\'\"\"jeuevvd'),
(103, 2, 3, 418, 'yes', 0.833333, 10, 100, '2022-09-17 11:22:20 PM', '2022-09-18 12:06:07 AM', 10415, 24, 10232, '2022-09-18', 'N/A'),
(104, 2, 4, 418, 'yes', 0.833333, 10, 100, '2022-09-17 11:22:20 PM', '2022-09-18 12:06:07 AM', 10415, 24, 10232, '2022-09-18', 'N/A'),
(105, 1, 5, 418, 'yes', 0.625, 10, 100, '2022-09-17 11:22:20 PM', '2022-09-18 12:06:07 AM', 10415, 24, 10232, '2022-09-18', 'Bahuei\'hehvev'),
(106, 1, 6, 418, 'yes', 0.625, 10, 100, '2022-09-17 11:22:20 PM', '2022-09-18 12:06:07 AM', 10415, 24, 10232, '2022-09-18', 'N/A'),
(107, 2, 7, 418, 'yes', 0.833333, 10, 100, '2022-09-17 11:22:20 PM', '2022-09-18 12:06:07 AM', 10415, 24, 10232, '2022-09-18', 'N/A'),
(108, 3, 8, 418, 'yes', 0.9375, 15, 100, '2022-09-17 11:22:20 PM', '2022-09-18 12:06:07 AM', 10415, 24, 10232, '2022-09-18', 'N/A'),
(109, 3, 9, 418, 'yes', 0.9375, 15, 100, '2022-09-17 11:22:20 PM', '2022-09-18 12:06:07 AM', 10415, 24, 10232, '2022-09-18', 'N/A'),
(110, 3, 10, 418, 'yes', 0.9375, 15, 100, '2022-09-17 11:22:20 PM', '2022-09-18 12:06:07 AM', 10415, 24, 10232, '2022-09-18', 'N/A'),
(111, 3, 11, 418, 'yes', 0.9375, 15, 100, '2022-09-17 11:22:20 PM', '2022-09-18 12:06:07 AM', 10415, 24, 10232, '2022-09-18', 'N/A'),
(112, 4, 12, 418, 'yes', 0.9375, 15, 100, '2022-09-17 11:22:20 PM', '2022-09-18 12:06:07 AM', 10415, 24, 10232, '2022-09-18', 'N/A'),
(113, 4, 13, 418, 'yes', 0.9375, 15, 100, '2022-09-17 11:22:20 PM', '2022-09-18 12:06:07 AM', 10415, 24, 10232, '2022-09-18', 'N/A'),
(114, 4, 14, 418, 'yes', 0.9375, 15, 100, '2022-09-17 11:22:20 PM', '2022-09-18 12:06:07 AM', 10415, 24, 10232, '2022-09-18', 'N/A'),
(115, 4, 15, 418, 'yes', 0.9375, 15, 100, '2022-09-17 11:22:20 PM', '2022-09-18 12:06:07 AM', 10415, 24, 10232, '2022-09-18', 'N/A'),
(116, 5, 16, 418, 'yes', 1, 20, 100, '2022-09-17 11:22:20 PM', '2022-09-18 12:06:07 AM', 10415, 24, 10232, '2022-09-18', 'N/A'),
(117, 5, 17, 418, 'yes', 1, 20, 100, '2022-09-17 11:22:20 PM', '2022-09-18 12:06:07 AM', 10415, 24, 10232, '2022-09-18', 'N/A'),
(118, 5, 18, 418, 'yes', 1, 20, 100, '2022-09-17 11:22:20 PM', '2022-09-18 12:06:07 AM', 10415, 24, 10232, '2022-09-18', 'N/A'),
(119, 5, 19, 418, 'yes', 1, 20, 100, '2022-09-17 11:22:20 PM', '2022-09-18 12:06:07 AM', 10415, 24, 10232, '2022-09-18', 'N/A'),
(120, 5, 20, 418, 'yes', 1, 20, 100, '2022-09-17 11:22:20 PM', '2022-09-18 12:06:07 AM', 10415, 24, 10232, '2022-09-18', 'N/A'),
(121, 6, 21, 418, 'yes', 3.75, 15, 100, '2022-09-17 11:22:20 PM', '2022-09-18 12:06:07 AM', 10415, 24, 10232, '2022-09-18', 'N/A'),
(122, 7, 22, 418, 'yes', 0.9375, 15, 25, '2022-09-17 11:22:20 PM', '2022-09-18 12:06:07 AM', 10415, 24, 10232, '2022-09-18', 'N/A'),
(123, 7, 23, 418, 'no', 0, 15, 25, '2022-09-17 11:22:20 PM', '2022-09-18 12:06:07 AM', 10415, 24, 10232, '2022-09-18', 'N/A'),
(124, 7, 24, 418, 'no', 0, 15, 25, '2022-09-17 11:22:20 PM', '2022-09-18 12:06:07 AM', 10415, 24, 10232, '2022-09-18', 'N/A'),
(125, 7, 25, 418, 'no', 0, 15, 25, '2022-09-17 11:22:20 PM', '2022-09-18 12:06:07 AM', 10415, 24, 10232, '2022-09-18', '\'-#-hwuwivd'),
(126, 1, 1, 419, 'yes', 0, 10, 75, '2022-09-18 1:38:33 AM', '2022-09-18 1:40:40 AM', 10064, 2, 10232, '2022-09-18', '\'\'\'heuebbd'),
(127, 1, 2, 419, 'yes', 0.625, 10, 75, '2022-09-18 1:38:33 AM', '2022-09-18 1:40:40 AM', 10064, 2, 10232, '2022-09-18', 'Nsjai\'\"\"jeuevvd'),
(128, 2, 3, 419, 'yes', 0.833333, 10, 100, '2022-09-18 1:38:33 AM', '2022-09-18 1:40:40 AM', 10064, 2, 10232, '2022-09-18', 'N/A'),
(129, 2, 4, 419, 'yes', 0.833333, 10, 100, '2022-09-18 1:38:33 AM', '2022-09-18 1:40:40 AM', 10064, 2, 10232, '2022-09-18', 'N/A'),
(130, 1, 5, 419, 'yes', 0.625, 10, 75, '2022-09-18 1:38:33 AM', '2022-09-18 1:40:40 AM', 10064, 2, 10232, '2022-09-18', 'Bahuei\'hehvev'),
(131, 1, 6, 419, 'yes', 0.625, 10, 75, '2022-09-18 1:38:33 AM', '2022-09-18 1:40:40 AM', 10064, 2, 10232, '2022-09-18', 'N/A'),
(132, 2, 7, 419, 'yes', 0.833333, 10, 100, '2022-09-18 1:38:33 AM', '2022-09-18 1:40:40 AM', 10064, 2, 10232, '2022-09-18', 'N/A'),
(133, 3, 8, 419, 'yes', 0.9375, 15, 100, '2022-09-18 1:38:33 AM', '2022-09-18 1:40:40 AM', 10064, 2, 10232, '2022-09-18', 'N/A'),
(134, 3, 9, 419, 'yes', 0.9375, 15, 100, '2022-09-18 1:38:33 AM', '2022-09-18 1:40:40 AM', 10064, 2, 10232, '2022-09-18', 'N/A'),
(135, 3, 10, 419, 'yes', 0.9375, 15, 100, '2022-09-18 1:38:33 AM', '2022-09-18 1:40:40 AM', 10064, 2, 10232, '2022-09-18', 'N/A'),
(136, 3, 11, 419, 'yes', 0.9375, 15, 100, '2022-09-18 1:38:33 AM', '2022-09-18 1:40:40 AM', 10064, 2, 10232, '2022-09-18', 'N/A'),
(137, 4, 12, 419, 'yes', 0.9375, 15, 100, '2022-09-18 1:38:33 AM', '2022-09-18 1:40:40 AM', 10064, 2, 10232, '2022-09-18', 'N/A'),
(138, 4, 13, 419, 'yes', 0.9375, 15, 100, '2022-09-18 1:38:33 AM', '2022-09-18 1:40:40 AM', 10064, 2, 10232, '2022-09-18', 'N/A'),
(139, 4, 14, 419, 'yes', 0.9375, 15, 100, '2022-09-18 1:38:33 AM', '2022-09-18 1:40:40 AM', 10064, 2, 10232, '2022-09-18', 'N/A'),
(140, 4, 15, 419, 'yes', 0.9375, 15, 100, '2022-09-18 1:38:33 AM', '2022-09-18 1:40:40 AM', 10064, 2, 10232, '2022-09-18', 'N/A'),
(141, 5, 16, 419, 'yes', 1, 20, 100, '2022-09-18 1:38:33 AM', '2022-09-18 1:40:40 AM', 10064, 2, 10232, '2022-09-18', 'N/A'),
(142, 5, 17, 419, 'yes', 1, 20, 100, '2022-09-18 1:38:33 AM', '2022-09-18 1:40:40 AM', 10064, 2, 10232, '2022-09-18', 'N/A'),
(143, 5, 18, 419, 'yes', 1, 20, 100, '2022-09-18 1:38:33 AM', '2022-09-18 1:40:40 AM', 10064, 2, 10232, '2022-09-18', 'N/A'),
(144, 5, 19, 419, 'yes', 1, 20, 100, '2022-09-18 1:38:33 AM', '2022-09-18 1:40:40 AM', 10064, 2, 10232, '2022-09-18', 'N/A'),
(145, 5, 20, 419, 'yes', 1, 20, 100, '2022-09-18 1:38:33 AM', '2022-09-18 1:40:40 AM', 10064, 2, 10232, '2022-09-18', 'N/A'),
(146, 6, 21, 419, 'yes', 3.75, 15, 100, '2022-09-18 1:38:33 AM', '2022-09-18 1:40:40 AM', 10064, 2, 10232, '2022-09-18', 'N/A'),
(147, 7, 22, 419, 'yes', 0.9375, 15, 75, '2022-09-18 1:38:33 AM', '2022-09-18 1:40:40 AM', 10064, 2, 10232, '2022-09-18', 'N/A'),
(148, 7, 23, 419, 'yes', 0.9375, 15, 75, '2022-09-18 1:38:33 AM', '2022-09-18 1:40:40 AM', 10064, 2, 10232, '2022-09-18', 'N/A'),
(149, 7, 24, 419, 'yes', 0.9375, 15, 75, '2022-09-18 1:38:33 AM', '2022-09-18 1:40:40 AM', 10064, 2, 10232, '2022-09-18', 'N/A'),
(150, 7, 25, 419, 'yes', 0, 15, 75, '2022-09-18 1:38:33 AM', '2022-09-18 1:40:40 AM', 10064, 2, 10232, '2022-09-18', '\'-#-hwuwivd'),
(151, 1, 1, 419, 'yes', 0, 10, 75, '2022-09-18 6:36:17 AM', '2022-09-18 6:37:42 AM', 10107, 24, 10232, '2022-09-18', '\'\'\'heuebbd'),
(152, 1, 2, 419, 'yes', 0.625, 10, 75, '2022-09-18 6:36:17 AM', '2022-09-18 6:37:42 AM', 10107, 24, 10232, '2022-09-18', 'Nsjai\'\"\"jeuevvd'),
(153, 2, 3, 419, 'yes', 0.833333, 10, 100, '2022-09-18 6:36:17 AM', '2022-09-18 6:37:42 AM', 10107, 24, 10232, '2022-09-18', 'N/A'),
(154, 2, 4, 419, 'yes', 0.833333, 10, 100, '2022-09-18 6:36:17 AM', '2022-09-18 6:37:42 AM', 10107, 24, 10232, '2022-09-18', 'N/A'),
(155, 1, 5, 419, 'yes', 0.625, 10, 75, '2022-09-18 6:36:17 AM', '2022-09-18 6:37:42 AM', 10107, 24, 10232, '2022-09-18', 'Bahuei\'hehvev'),
(156, 1, 6, 419, 'no', 0.625, 10, 75, '2022-09-18 6:36:17 AM', '2022-09-18 6:37:42 AM', 10107, 24, 10232, '2022-09-18', 'N/A'),
(157, 2, 7, 419, 'no', 0.833333, 10, 100, '2022-09-18 6:36:17 AM', '2022-09-18 6:37:42 AM', 10107, 24, 10232, '2022-09-18', 'N/A'),
(158, 3, 8, 419, 'no', 0.9375, 15, 100, '2022-09-18 6:36:17 AM', '2022-09-18 6:37:42 AM', 10107, 24, 10232, '2022-09-18', 'N/A'),
(159, 3, 9, 419, 'yes', 0.9375, 15, 100, '2022-09-18 6:36:17 AM', '2022-09-18 6:37:42 AM', 10107, 24, 10232, '2022-09-18', 'N/A'),
(160, 3, 10, 419, 'yes', 0.9375, 15, 100, '2022-09-18 6:36:17 AM', '2022-09-18 6:37:42 AM', 10107, 24, 10232, '2022-09-18', 'N/A'),
(161, 3, 11, 419, 'yes', 0.9375, 15, 100, '2022-09-18 6:36:17 AM', '2022-09-18 6:37:42 AM', 10107, 24, 10232, '2022-09-18', 'N/A'),
(162, 4, 12, 419, 'yes', 0.9375, 15, 100, '2022-09-18 6:36:17 AM', '2022-09-18 6:37:42 AM', 10107, 24, 10232, '2022-09-18', 'N/A'),
(163, 4, 13, 419, 'yes', 0.9375, 15, 100, '2022-09-18 6:36:17 AM', '2022-09-18 6:37:42 AM', 10107, 24, 10232, '2022-09-18', 'N/A'),
(164, 4, 14, 419, 'yes', 0.9375, 15, 100, '2022-09-18 6:36:17 AM', '2022-09-18 6:37:42 AM', 10107, 24, 10232, '2022-09-18', 'N/A'),
(165, 4, 15, 419, 'yes', 0.9375, 15, 100, '2022-09-18 6:36:17 AM', '2022-09-18 6:37:42 AM', 10107, 24, 10232, '2022-09-18', 'N/A'),
(166, 5, 16, 419, 'yes', 1, 20, 100, '2022-09-18 6:36:17 AM', '2022-09-18 6:37:42 AM', 10107, 24, 10232, '2022-09-18', 'N/A'),
(167, 5, 17, 419, 'no', 1, 20, 100, '2022-09-18 6:36:17 AM', '2022-09-18 6:37:42 AM', 10107, 24, 10232, '2022-09-18', 'N/A'),
(168, 5, 18, 419, 'yes', 1, 20, 100, '2022-09-18 6:36:17 AM', '2022-09-18 6:37:42 AM', 10107, 24, 10232, '2022-09-18', 'N/A'),
(169, 5, 19, 419, 'no', 1, 20, 100, '2022-09-18 6:36:17 AM', '2022-09-18 6:37:42 AM', 10107, 24, 10232, '2022-09-18', 'N/A'),
(170, 5, 20, 419, 'no', 1, 20, 100, '2022-09-18 6:36:17 AM', '2022-09-18 6:37:42 AM', 10107, 24, 10232, '2022-09-18', 'N/A'),
(171, 6, 21, 419, 'yes', 3.75, 15, 100, '2022-09-18 6:36:17 AM', '2022-09-18 6:37:42 AM', 10107, 24, 10232, '2022-09-18', 'N/A'),
(172, 7, 22, 419, 'yes', 0.9375, 15, 75, '2022-09-18 6:36:17 AM', '2022-09-18 6:37:42 AM', 10107, 24, 10232, '2022-09-18', 'N/A'),
(173, 7, 23, 419, 'yes', 0.9375, 15, 75, '2022-09-18 6:36:17 AM', '2022-09-18 6:37:42 AM', 10107, 24, 10232, '2022-09-18', 'N/A'),
(174, 7, 24, 419, 'no', 0.9375, 15, 75, '2022-09-18 6:36:17 AM', '2022-09-18 6:37:42 AM', 10107, 24, 10232, '2022-09-18', 'N/A'),
(175, 7, 25, 419, 'no', 0, 15, 75, '2022-09-18 6:36:17 AM', '2022-09-18 6:37:42 AM', 10107, 24, 10232, '2022-09-18', '\'-#-hwuwivd'),
(176, 1, 1, 419, 'yes', 0, 10, 75, '2022-09-18 6:43:00 AM', '2022-09-18 6:56:01 AM', 11733, 2, 10232, '2022-09-18', '\'\'\'heuebbd'),
(177, 1, 2, 419, 'yes', 0.625, 10, 75, '2022-09-18 6:43:00 AM', '2022-09-18 6:56:01 AM', 11733, 2, 10232, '2022-09-18', 'Nsjai\'\"\"jeuevvd'),
(178, 2, 3, 419, 'yes', 0.833333, 10, 100, '2022-09-18 6:43:00 AM', '2022-09-18 6:56:01 AM', 11733, 2, 10232, '2022-09-18', 'N/A'),
(179, 2, 4, 419, 'yes', 0.833333, 10, 100, '2022-09-18 6:43:00 AM', '2022-09-18 6:56:01 AM', 11733, 2, 10232, '2022-09-18', 'N/A'),
(180, 1, 5, 419, 'yes', 0.625, 10, 75, '2022-09-18 6:43:00 AM', '2022-09-18 6:56:01 AM', 11733, 2, 10232, '2022-09-18', 'Bahuei\'hehvev'),
(181, 1, 6, 419, 'yes', 0.625, 10, 75, '2022-09-18 6:43:00 AM', '2022-09-18 6:56:01 AM', 11733, 2, 10232, '2022-09-18', 'N/A'),
(182, 2, 7, 419, 'yes', 0.833333, 10, 100, '2022-09-18 6:43:00 AM', '2022-09-18 6:56:01 AM', 11733, 2, 10232, '2022-09-18', 'N/A'),
(183, 3, 8, 419, 'yes', 0.9375, 15, 100, '2022-09-18 6:43:00 AM', '2022-09-18 6:56:01 AM', 11733, 2, 10232, '2022-09-18', 'N/A'),
(184, 3, 9, 419, 'yes', 0.9375, 15, 100, '2022-09-18 6:43:00 AM', '2022-09-18 6:56:01 AM', 11733, 2, 10232, '2022-09-18', 'N/A'),
(185, 3, 10, 419, 'yes', 0.9375, 15, 100, '2022-09-18 6:43:00 AM', '2022-09-18 6:56:01 AM', 11733, 2, 10232, '2022-09-18', 'N/A'),
(186, 3, 11, 419, 'yes', 0.9375, 15, 100, '2022-09-18 6:43:00 AM', '2022-09-18 6:56:01 AM', 11733, 2, 10232, '2022-09-18', 'N/A'),
(187, 4, 12, 419, 'yes', 0.9375, 15, 100, '2022-09-18 6:43:00 AM', '2022-09-18 6:56:01 AM', 11733, 2, 10232, '2022-09-18', 'N/A'),
(188, 4, 13, 419, 'yes', 0.9375, 15, 100, '2022-09-18 6:43:00 AM', '2022-09-18 6:56:01 AM', 11733, 2, 10232, '2022-09-18', 'N/A'),
(189, 4, 14, 419, 'yes', 0.9375, 15, 100, '2022-09-18 6:43:00 AM', '2022-09-18 6:56:01 AM', 11733, 2, 10232, '2022-09-18', 'N/A'),
(190, 4, 15, 419, 'yes', 0.9375, 15, 100, '2022-09-18 6:43:00 AM', '2022-09-18 6:56:01 AM', 11733, 2, 10232, '2022-09-18', 'N/A'),
(191, 5, 16, 419, 'yes', 1, 20, 100, '2022-09-18 6:43:00 AM', '2022-09-18 6:56:01 AM', 11733, 2, 10232, '2022-09-18', 'N/A'),
(192, 5, 17, 419, 'yes', 1, 20, 100, '2022-09-18 6:43:00 AM', '2022-09-18 6:56:01 AM', 11733, 2, 10232, '2022-09-18', 'N/A'),
(193, 5, 18, 419, 'yes', 1, 20, 100, '2022-09-18 6:43:00 AM', '2022-09-18 6:56:01 AM', 11733, 2, 10232, '2022-09-18', 'N/A'),
(194, 5, 19, 419, 'yes', 1, 20, 100, '2022-09-18 6:43:00 AM', '2022-09-18 6:56:01 AM', 11733, 2, 10232, '2022-09-18', 'N/A'),
(195, 5, 20, 419, 'yes', 1, 20, 100, '2022-09-18 6:43:00 AM', '2022-09-18 6:56:01 AM', 11733, 2, 10232, '2022-09-18', 'N/A'),
(196, 6, 21, 419, 'yes', 3.75, 15, 100, '2022-09-18 6:43:00 AM', '2022-09-18 6:56:01 AM', 11733, 2, 10232, '2022-09-18', 'N/A'),
(197, 7, 22, 419, 'yes', 0.9375, 15, 75, '2022-09-18 6:43:00 AM', '2022-09-18 6:56:01 AM', 11733, 2, 10232, '2022-09-18', 'N/A'),
(198, 7, 23, 419, 'yes', 0.9375, 15, 75, '2022-09-18 6:43:00 AM', '2022-09-18 6:56:01 AM', 11733, 2, 10232, '2022-09-18', 'N/A'),
(199, 7, 24, 419, 'no', 0.9375, 15, 75, '2022-09-18 6:43:00 AM', '2022-09-18 6:56:01 AM', 11733, 2, 10232, '2022-09-18', 'N/A'),
(200, 7, 25, 419, 'no', 0, 15, 75, '2022-09-18 6:43:00 AM', '2022-09-18 6:56:01 AM', 11733, 2, 10232, '2022-09-18', '\'-#-hwuwivd'),
(201, 1, 1, 419, 'no', 0, 10, 75, '2022-09-18 7:35:58 AM', '2022-09-18 7:38:26 AM', 10684, 2, 10232, '2022-09-18', '\'\'\'heuebbd'),
(202, 1, 2, 419, 'yes', 0.625, 10, 75, '2022-09-18 7:35:58 AM', '2022-09-18 7:38:26 AM', 10684, 2, 10232, '2022-09-18', 'Nsjai\'\"\"jeuevvd'),
(203, 2, 3, 419, 'yes', 0.833333, 10, 100, '2022-09-18 7:35:58 AM', '2022-09-18 7:38:26 AM', 10684, 2, 10232, '2022-09-18', 'N/A'),
(204, 2, 4, 419, 'yes', 0.833333, 10, 100, '2022-09-18 7:35:58 AM', '2022-09-18 7:38:26 AM', 10684, 2, 10232, '2022-09-18', 'N/A'),
(205, 1, 5, 419, 'yes', 0.625, 10, 75, '2022-09-18 7:35:58 AM', '2022-09-18 7:38:26 AM', 10684, 2, 10232, '2022-09-18', 'Bahuei\'hehvev'),
(206, 1, 6, 419, 'yes', 0.625, 10, 75, '2022-09-18 7:35:58 AM', '2022-09-18 7:38:26 AM', 10684, 2, 10232, '2022-09-18', 'N/A'),
(207, 2, 7, 419, 'yes', 0.833333, 10, 100, '2022-09-18 7:35:58 AM', '2022-09-18 7:38:26 AM', 10684, 2, 10232, '2022-09-18', 'N/A'),
(208, 3, 8, 419, 'yes', 0.9375, 15, 100, '2022-09-18 7:35:58 AM', '2022-09-18 7:38:26 AM', 10684, 2, 10232, '2022-09-18', 'N/A'),
(209, 3, 9, 419, 'yes', 0.9375, 15, 100, '2022-09-18 7:35:58 AM', '2022-09-18 7:38:26 AM', 10684, 2, 10232, '2022-09-18', 'N/A'),
(210, 3, 10, 419, 'yes', 0.9375, 15, 100, '2022-09-18 7:35:58 AM', '2022-09-18 7:38:26 AM', 10684, 2, 10232, '2022-09-18', 'N/A'),
(211, 3, 11, 419, 'yes', 0.9375, 15, 100, '2022-09-18 7:35:58 AM', '2022-09-18 7:38:26 AM', 10684, 2, 10232, '2022-09-18', 'N/A'),
(212, 4, 12, 419, 'yes', 0.9375, 15, 100, '2022-09-18 7:35:58 AM', '2022-09-18 7:38:26 AM', 10684, 2, 10232, '2022-09-18', 'N/A'),
(213, 4, 13, 419, 'yes', 0.9375, 15, 100, '2022-09-18 7:35:58 AM', '2022-09-18 7:38:26 AM', 10684, 2, 10232, '2022-09-18', 'N/A'),
(214, 4, 14, 419, 'yes', 0.9375, 15, 100, '2022-09-18 7:35:58 AM', '2022-09-18 7:38:26 AM', 10684, 2, 10232, '2022-09-18', 'N/A'),
(215, 4, 15, 419, 'yes', 0.9375, 15, 100, '2022-09-18 7:35:58 AM', '2022-09-18 7:38:26 AM', 10684, 2, 10232, '2022-09-18', 'N/A'),
(216, 5, 16, 419, 'yes', 1, 20, 100, '2022-09-18 7:35:58 AM', '2022-09-18 7:38:26 AM', 10684, 2, 10232, '2022-09-18', 'N/A'),
(217, 5, 17, 419, 'yes', 1, 20, 100, '2022-09-18 7:35:58 AM', '2022-09-18 7:38:26 AM', 10684, 2, 10232, '2022-09-18', 'N/A'),
(218, 5, 18, 419, 'yes', 1, 20, 100, '2022-09-18 7:35:58 AM', '2022-09-18 7:38:26 AM', 10684, 2, 10232, '2022-09-18', 'N/A'),
(219, 5, 19, 419, 'yes', 1, 20, 100, '2022-09-18 7:35:58 AM', '2022-09-18 7:38:26 AM', 10684, 2, 10232, '2022-09-18', 'N/A'),
(220, 5, 20, 419, 'yes', 1, 20, 100, '2022-09-18 7:35:58 AM', '2022-09-18 7:38:26 AM', 10684, 2, 10232, '2022-09-18', 'N/A'),
(221, 6, 21, 419, 'yes', 3.75, 15, 100, '2022-09-18 7:35:58 AM', '2022-09-18 7:38:26 AM', 10684, 2, 10232, '2022-09-18', 'N/A'),
(222, 7, 22, 419, 'yes', 0.9375, 15, 75, '2022-09-18 7:35:58 AM', '2022-09-18 7:38:26 AM', 10684, 2, 10232, '2022-09-18', 'N/A'),
(223, 7, 23, 419, 'yes', 0.9375, 15, 75, '2022-09-18 7:35:58 AM', '2022-09-18 7:38:26 AM', 10684, 2, 10232, '2022-09-18', 'N/A'),
(224, 7, 24, 419, 'yes', 0.9375, 15, 75, '2022-09-18 7:35:58 AM', '2022-09-18 7:38:26 AM', 10684, 2, 10232, '2022-09-18', 'N/A'),
(225, 7, 25, 419, 'no', 0, 15, 75, '2022-09-18 7:35:58 AM', '2022-09-18 7:38:26 AM', 10684, 2, 10232, '2022-09-18', '\'-#-hwuwivd'),
(226, 1, 1, 420, 'yes', 2.5, 10, 100, '2022-09-20 8:52:10 PM', '2022-09-20 8:52:40 PM', 10415, 24, 10232, '2022-09-20', '\'\'\'heuebbd'),
(227, 1, 2, 420, 'yes', 2.5, 10, 100, '2022-09-20 8:52:10 PM', '2022-09-20 8:52:40 PM', 10415, 24, 10232, '2022-09-20', 'Nsjai\'\"\"jeuevvd'),
(228, 2, 3, 420, 'yes', 3.33333, 10, 100, '2022-09-20 8:52:10 PM', '2022-09-20 8:52:40 PM', 10415, 24, 10232, '2022-09-20', 'N/A'),
(229, 2, 4, 420, 'yes', 3.33333, 10, 100, '2022-09-20 8:52:10 PM', '2022-09-20 8:52:40 PM', 10415, 24, 10232, '2022-09-20', 'N/A'),
(230, 1, 5, 420, 'yes', 2.5, 10, 100, '2022-09-20 8:52:10 PM', '2022-09-20 8:52:40 PM', 10415, 24, 10232, '2022-09-20', 'Bahuei\'hehvev'),
(231, 1, 6, 420, 'yes', 2.5, 10, 100, '2022-09-20 8:52:10 PM', '2022-09-20 8:52:40 PM', 10415, 24, 10232, '2022-09-20', 'N/A'),
(232, 2, 7, 420, 'yes', 3.33333, 10, 100, '2022-09-20 8:52:10 PM', '2022-09-20 8:52:40 PM', 10415, 24, 10232, '2022-09-20', 'N/A'),
(233, 3, 8, 420, 'yes', 3.75, 15, 100, '2022-09-20 8:52:10 PM', '2022-09-20 8:52:40 PM', 10415, 24, 10232, '2022-09-20', 'N/A'),
(234, 3, 9, 420, 'yes', 3.75, 15, 100, '2022-09-20 8:52:10 PM', '2022-09-20 8:52:40 PM', 10415, 24, 10232, '2022-09-20', 'N/A'),
(235, 3, 10, 420, 'yes', 3.75, 15, 100, '2022-09-20 8:52:10 PM', '2022-09-20 8:52:40 PM', 10415, 24, 10232, '2022-09-20', 'N/A'),
(236, 3, 11, 420, 'yes', 3.75, 15, 100, '2022-09-20 8:52:10 PM', '2022-09-20 8:52:40 PM', 10415, 24, 10232, '2022-09-20', 'N/A'),
(237, 4, 12, 420, 'yes', 3.75, 15, 100, '2022-09-20 8:52:10 PM', '2022-09-20 8:52:40 PM', 10415, 24, 10232, '2022-09-20', 'N/A'),
(238, 4, 13, 420, 'yes', 3.75, 15, 100, '2022-09-20 8:52:10 PM', '2022-09-20 8:52:40 PM', 10415, 24, 10232, '2022-09-20', 'N/A'),
(239, 4, 14, 420, 'yes', 3.75, 15, 100, '2022-09-20 8:52:10 PM', '2022-09-20 8:52:40 PM', 10415, 24, 10232, '2022-09-20', 'N/A'),
(240, 4, 15, 420, 'yes', 3.75, 15, 100, '2022-09-20 8:52:10 PM', '2022-09-20 8:52:40 PM', 10415, 24, 10232, '2022-09-20', 'N/A'),
(241, 5, 16, 420, 'yes', 4, 20, 100, '2022-09-20 8:52:10 PM', '2022-09-20 8:52:40 PM', 10415, 24, 10232, '2022-09-20', 'N/A'),
(242, 5, 17, 420, 'yes', 4, 20, 100, '2022-09-20 8:52:10 PM', '2022-09-20 8:52:40 PM', 10415, 24, 10232, '2022-09-20', 'N/A'),
(243, 5, 18, 420, 'yes', 4, 20, 100, '2022-09-20 8:52:10 PM', '2022-09-20 8:52:40 PM', 10415, 24, 10232, '2022-09-20', 'N/A'),
(244, 5, 19, 420, 'yes', 4, 20, 100, '2022-09-20 8:52:10 PM', '2022-09-20 8:52:40 PM', 10415, 24, 10232, '2022-09-20', 'N/A'),
(245, 5, 20, 420, 'yes', 4, 20, 100, '2022-09-20 8:52:10 PM', '2022-09-20 8:52:40 PM', 10415, 24, 10232, '2022-09-20', 'N/A'),
(246, 6, 21, 420, 'yes', 15, 15, 100, '2022-09-20 8:52:10 PM', '2022-09-20 8:52:40 PM', 10415, 24, 10232, '2022-09-20', 'N/A'),
(247, 7, 22, 420, 'yes', 3.75, 15, 50, '2022-09-20 8:52:10 PM', '2022-09-20 8:52:40 PM', 10415, 24, 10232, '2022-09-20', 'N/A'),
(248, 7, 23, 420, 'yes', 3.75, 15, 50, '2022-09-20 8:52:10 PM', '2022-09-20 8:52:40 PM', 10415, 24, 10232, '2022-09-20', 'N/A'),
(249, 7, 24, 420, 'no', 0, 15, 50, '2022-09-20 8:52:10 PM', '2022-09-20 8:52:40 PM', 10415, 24, 10232, '2022-09-20', 'N/A'),
(250, 7, 25, 420, 'no', 0, 15, 50, '2022-09-20 8:52:10 PM', '2022-09-20 8:52:40 PM', 10415, 24, 10232, '2022-09-20', '\'-#-hwuwivd'),
(251, 1, 1, 425, 'no', 0, 10, 50, '2022-09-20 11:26:37 PM', '2022-09-20 11:31:18 PM', 10149, 2, 10232, '2022-09-20', '\'\'\'heuebbd'),
(252, 1, 2, 425, 'yes', 2.5, 10, 50, '2022-09-20 11:26:37 PM', '2022-09-20 11:31:18 PM', 10149, 2, 10232, '2022-09-20', 'Nsjai\'\"\"jeuevvd'),
(253, 2, 3, 425, 'no', 0, 10, 33.3333, '2022-09-20 11:26:37 PM', '2022-09-20 11:31:18 PM', 10149, 2, 10232, '2022-09-20', 'N/A'),
(254, 2, 4, 425, 'no', 0, 10, 33.3333, '2022-09-20 11:26:37 PM', '2022-09-20 11:31:18 PM', 10149, 2, 10232, '2022-09-20', 'N/A'),
(255, 1, 5, 425, 'yes', 2.5, 10, 50, '2022-09-20 11:26:37 PM', '2022-09-20 11:31:18 PM', 10149, 2, 10232, '2022-09-20', 'Bahuei\'hehvev'),
(256, 1, 6, 425, 'no', 0, 10, 50, '2022-09-20 11:26:37 PM', '2022-09-20 11:31:18 PM', 10149, 2, 10232, '2022-09-20', 'N/A'),
(257, 2, 7, 425, 'yes', 3.33333, 10, 33.3333, '2022-09-20 11:26:37 PM', '2022-09-20 11:31:18 PM', 10149, 2, 10232, '2022-09-20', 'N/A'),
(258, 3, 8, 425, 'no', 0, 15, 25, '2022-09-20 11:26:37 PM', '2022-09-20 11:31:18 PM', 10149, 2, 10232, '2022-09-20', 'N/A'),
(259, 3, 9, 425, 'yes', 3.75, 15, 25, '2022-09-20 11:26:37 PM', '2022-09-20 11:31:18 PM', 10149, 2, 10232, '2022-09-20', 'N/A'),
(260, 3, 10, 425, 'no', 0, 15, 25, '2022-09-20 11:26:37 PM', '2022-09-20 11:31:18 PM', 10149, 2, 10232, '2022-09-20', 'N/A'),
(261, 3, 11, 425, 'no', 0, 15, 25, '2022-09-20 11:26:37 PM', '2022-09-20 11:31:18 PM', 10149, 2, 10232, '2022-09-20', 'N/A'),
(262, 4, 12, 425, 'yes', 3.75, 15, 100, '2022-09-20 11:26:37 PM', '2022-09-20 11:31:18 PM', 10149, 2, 10232, '2022-09-20', 'N/A'),
(263, 4, 13, 425, 'yes', 3.75, 15, 100, '2022-09-20 11:26:37 PM', '2022-09-20 11:31:18 PM', 10149, 2, 10232, '2022-09-20', 'N/A'),
(264, 4, 14, 425, 'yes', 3.75, 15, 100, '2022-09-20 11:26:37 PM', '2022-09-20 11:31:18 PM', 10149, 2, 10232, '2022-09-20', 'N/A'),
(265, 4, 15, 425, 'yes', 3.75, 15, 100, '2022-09-20 11:26:37 PM', '2022-09-20 11:31:18 PM', 10149, 2, 10232, '2022-09-20', 'N/A'),
(266, 5, 16, 425, 'yes', 4, 20, 100, '2022-09-20 11:26:37 PM', '2022-09-20 11:31:18 PM', 10149, 2, 10232, '2022-09-20', 'N/A'),
(267, 5, 17, 425, 'yes', 4, 20, 100, '2022-09-20 11:26:37 PM', '2022-09-20 11:31:18 PM', 10149, 2, 10232, '2022-09-20', 'N/A'),
(268, 5, 18, 425, 'yes', 4, 20, 100, '2022-09-20 11:26:37 PM', '2022-09-20 11:31:18 PM', 10149, 2, 10232, '2022-09-20', 'N/A'),
(269, 5, 19, 425, 'yes', 4, 20, 100, '2022-09-20 11:26:37 PM', '2022-09-20 11:31:18 PM', 10149, 2, 10232, '2022-09-20', 'N/A'),
(270, 5, 20, 425, 'yes', 4, 20, 100, '2022-09-20 11:26:37 PM', '2022-09-20 11:31:18 PM', 10149, 2, 10232, '2022-09-20', 'N/A'),
(271, 6, 21, 425, 'yes', 15, 15, 100, '2022-09-20 11:26:37 PM', '2022-09-20 11:31:18 PM', 10149, 2, 10232, '2022-09-20', 'N/A'),
(272, 7, 22, 425, 'yes', 3.75, 15, 75, '2022-09-20 11:26:37 PM', '2022-09-20 11:31:18 PM', 10149, 2, 10232, '2022-09-20', 'N/A'),
(273, 7, 23, 425, 'yes', 3.75, 15, 75, '2022-09-20 11:26:37 PM', '2022-09-20 11:31:18 PM', 10149, 2, 10232, '2022-09-20', 'N/A'),
(274, 7, 24, 425, 'yes', 3.75, 15, 75, '2022-09-20 11:26:37 PM', '2022-09-20 11:31:18 PM', 10149, 2, 10232, '2022-09-20', 'N/A'),
(275, 7, 25, 425, 'no', 0, 15, 75, '2022-09-20 11:26:37 PM', '2022-09-20 11:31:18 PM', 10149, 2, 10232, '2022-09-20', '\'-#-hwuwivd'),
(276, 1, 1, 428, 'yes', 2.5, 10, 100, '2022-09-21 12:52:24 AM', '2022-09-21 12:53:02 AM', 10229, 2, 10232, '2022-09-21', '\'\'\'heuebbd'),
(277, 1, 2, 428, 'yes', 2.5, 10, 100, '2022-09-21 12:52:24 AM', '2022-09-21 12:53:02 AM', 10229, 2, 10232, '2022-09-21', 'Nsjai\'\"\"jeuevvd'),
(278, 2, 3, 428, 'yes', 3.33333, 10, 100, '2022-09-21 12:52:24 AM', '2022-09-21 12:53:02 AM', 10229, 2, 10232, '2022-09-21', 'N/A'),
(279, 2, 4, 428, 'yes', 3.33333, 10, 100, '2022-09-21 12:52:24 AM', '2022-09-21 12:53:02 AM', 10229, 2, 10232, '2022-09-21', 'N/A'),
(280, 1, 5, 428, 'yes', 2.5, 10, 100, '2022-09-21 12:52:24 AM', '2022-09-21 12:53:02 AM', 10229, 2, 10232, '2022-09-21', 'Bahuei\'hehvev'),
(281, 1, 6, 428, 'yes', 2.5, 10, 100, '2022-09-21 12:52:24 AM', '2022-09-21 12:53:02 AM', 10229, 2, 10232, '2022-09-21', 'N/A'),
(282, 2, 7, 428, 'yes', 3.33333, 10, 100, '2022-09-21 12:52:24 AM', '2022-09-21 12:53:02 AM', 10229, 2, 10232, '2022-09-21', 'N/A'),
(283, 3, 8, 428, 'yes', 3.75, 15, 100, '2022-09-21 12:52:24 AM', '2022-09-21 12:53:02 AM', 10229, 2, 10232, '2022-09-21', 'N/A'),
(284, 3, 9, 428, 'yes', 3.75, 15, 100, '2022-09-21 12:52:24 AM', '2022-09-21 12:53:02 AM', 10229, 2, 10232, '2022-09-21', 'N/A'),
(285, 3, 10, 428, 'yes', 3.75, 15, 100, '2022-09-21 12:52:24 AM', '2022-09-21 12:53:02 AM', 10229, 2, 10232, '2022-09-21', 'N/A'),
(286, 3, 11, 428, 'yes', 3.75, 15, 100, '2022-09-21 12:52:24 AM', '2022-09-21 12:53:02 AM', 10229, 2, 10232, '2022-09-21', 'N/A'),
(287, 4, 12, 428, 'yes', 3.75, 15, 100, '2022-09-21 12:52:24 AM', '2022-09-21 12:53:02 AM', 10229, 2, 10232, '2022-09-21', 'N/A'),
(288, 4, 13, 428, 'yes', 3.75, 15, 100, '2022-09-21 12:52:24 AM', '2022-09-21 12:53:02 AM', 10229, 2, 10232, '2022-09-21', 'N/A'),
(289, 4, 14, 428, 'yes', 3.75, 15, 100, '2022-09-21 12:52:24 AM', '2022-09-21 12:53:02 AM', 10229, 2, 10232, '2022-09-21', 'N/A'),
(290, 4, 15, 428, 'yes', 3.75, 15, 100, '2022-09-21 12:52:24 AM', '2022-09-21 12:53:02 AM', 10229, 2, 10232, '2022-09-21', 'N/A'),
(291, 5, 16, 428, 'yes', 4, 20, 100, '2022-09-21 12:52:24 AM', '2022-09-21 12:53:02 AM', 10229, 2, 10232, '2022-09-21', 'N/A'),
(292, 5, 17, 428, 'yes', 4, 20, 100, '2022-09-21 12:52:24 AM', '2022-09-21 12:53:02 AM', 10229, 2, 10232, '2022-09-21', 'N/A'),
(293, 5, 18, 428, 'yes', 4, 20, 100, '2022-09-21 12:52:24 AM', '2022-09-21 12:53:02 AM', 10229, 2, 10232, '2022-09-21', 'N/A'),
(294, 5, 19, 428, 'yes', 4, 20, 100, '2022-09-21 12:52:24 AM', '2022-09-21 12:53:02 AM', 10229, 2, 10232, '2022-09-21', 'N/A'),
(295, 5, 20, 428, 'yes', 4, 20, 100, '2022-09-21 12:52:24 AM', '2022-09-21 12:53:02 AM', 10229, 2, 10232, '2022-09-21', 'N/A'),
(296, 6, 21, 428, 'yes', 15, 15, 100, '2022-09-21 12:52:24 AM', '2022-09-21 12:53:02 AM', 10229, 2, 10232, '2022-09-21', 'N/A'),
(297, 7, 22, 428, 'yes', 3.75, 15, 50, '2022-09-21 12:52:24 AM', '2022-09-21 12:53:02 AM', 10229, 2, 10232, '2022-09-21', 'N/A'),
(298, 7, 23, 428, 'yes', 3.75, 15, 50, '2022-09-21 12:52:24 AM', '2022-09-21 12:53:02 AM', 10229, 2, 10232, '2022-09-21', 'N/A'),
(299, 7, 24, 428, 'no', 0, 15, 50, '2022-09-21 12:52:24 AM', '2022-09-21 12:53:02 AM', 10229, 2, 10232, '2022-09-21', 'N/A'),
(300, 7, 25, 428, 'no', 0, 15, 50, '2022-09-21 12:52:24 AM', '2022-09-21 12:53:02 AM', 10229, 2, 10232, '2022-09-21', '\'-#-hwuwivd'),
(301, 1, 1, 429, 'yes', 2.5, 10, 100, '2022-09-21 12:52:24 AM', '2022-09-21 12:55:22 AM', 10452, 2, 10232, '2022-09-21', '\'\'\'heuebbd'),
(302, 1, 2, 429, 'yes', 2.5, 10, 100, '2022-09-21 12:52:24 AM', '2022-09-21 12:55:22 AM', 10452, 2, 10232, '2022-09-21', 'Nsjai\'\"\"jeuevvd'),
(303, 2, 3, 429, 'yes', 3.33333, 10, 100, '2022-09-21 12:52:24 AM', '2022-09-21 12:55:22 AM', 10452, 2, 10232, '2022-09-21', 'N/A'),
(304, 2, 4, 429, 'yes', 3.33333, 10, 100, '2022-09-21 12:52:24 AM', '2022-09-21 12:55:22 AM', 10452, 2, 10232, '2022-09-21', 'N/A'),
(305, 1, 5, 429, 'yes', 2.5, 10, 100, '2022-09-21 12:52:24 AM', '2022-09-21 12:55:22 AM', 10452, 2, 10232, '2022-09-21', 'Bahuei\'hehvev'),
(306, 1, 6, 429, 'yes', 2.5, 10, 100, '2022-09-21 12:52:24 AM', '2022-09-21 12:55:22 AM', 10452, 2, 10232, '2022-09-21', 'N/A'),
(307, 2, 7, 429, 'yes', 3.33333, 10, 100, '2022-09-21 12:52:24 AM', '2022-09-21 12:55:22 AM', 10452, 2, 10232, '2022-09-21', 'N/A'),
(308, 3, 8, 429, 'yes', 3.75, 15, 100, '2022-09-21 12:52:24 AM', '2022-09-21 12:55:22 AM', 10452, 2, 10232, '2022-09-21', 'N/A'),
(309, 3, 9, 429, 'yes', 3.75, 15, 100, '2022-09-21 12:52:24 AM', '2022-09-21 12:55:22 AM', 10452, 2, 10232, '2022-09-21', 'N/A'),
(310, 3, 10, 429, 'yes', 3.75, 15, 100, '2022-09-21 12:52:24 AM', '2022-09-21 12:55:22 AM', 10452, 2, 10232, '2022-09-21', 'N/A'),
(311, 3, 11, 429, 'yes', 3.75, 15, 100, '2022-09-21 12:52:24 AM', '2022-09-21 12:55:22 AM', 10452, 2, 10232, '2022-09-21', 'N/A'),
(312, 4, 12, 429, 'yes', 3.75, 15, 100, '2022-09-21 12:52:24 AM', '2022-09-21 12:55:22 AM', 10452, 2, 10232, '2022-09-21', 'N/A'),
(313, 4, 13, 429, 'yes', 3.75, 15, 100, '2022-09-21 12:52:24 AM', '2022-09-21 12:55:22 AM', 10452, 2, 10232, '2022-09-21', 'N/A'),
(314, 4, 14, 429, 'yes', 3.75, 15, 100, '2022-09-21 12:52:24 AM', '2022-09-21 12:55:22 AM', 10452, 2, 10232, '2022-09-21', 'N/A'),
(315, 4, 15, 429, 'yes', 3.75, 15, 100, '2022-09-21 12:52:24 AM', '2022-09-21 12:55:22 AM', 10452, 2, 10232, '2022-09-21', 'N/A'),
(316, 5, 16, 429, 'yes', 4, 20, 100, '2022-09-21 12:52:24 AM', '2022-09-21 12:55:22 AM', 10452, 2, 10232, '2022-09-21', 'N/A'),
(317, 5, 17, 429, 'yes', 4, 20, 100, '2022-09-21 12:52:24 AM', '2022-09-21 12:55:22 AM', 10452, 2, 10232, '2022-09-21', 'N/A'),
(318, 5, 18, 429, 'yes', 4, 20, 100, '2022-09-21 12:52:24 AM', '2022-09-21 12:55:22 AM', 10452, 2, 10232, '2022-09-21', 'N/A'),
(319, 5, 19, 429, 'yes', 4, 20, 100, '2022-09-21 12:52:24 AM', '2022-09-21 12:55:22 AM', 10452, 2, 10232, '2022-09-21', 'N/A'),
(320, 5, 20, 429, 'yes', 4, 20, 100, '2022-09-21 12:52:24 AM', '2022-09-21 12:55:22 AM', 10452, 2, 10232, '2022-09-21', 'N/A'),
(321, 6, 21, 429, 'yes', 15, 15, 100, '2022-09-21 12:52:24 AM', '2022-09-21 12:55:22 AM', 10452, 2, 10232, '2022-09-21', 'N/A'),
(322, 7, 22, 429, 'yes', 3.75, 15, 50, '2022-09-21 12:52:24 AM', '2022-09-21 12:55:22 AM', 10452, 2, 10232, '2022-09-21', 'N/A'),
(323, 7, 23, 429, 'yes', 3.75, 15, 50, '2022-09-21 12:52:24 AM', '2022-09-21 12:55:22 AM', 10452, 2, 10232, '2022-09-21', 'N/A'),
(324, 7, 24, 429, 'no', 0, 15, 50, '2022-09-21 12:52:24 AM', '2022-09-21 12:55:22 AM', 10452, 2, 10232, '2022-09-21', 'N/A'),
(325, 7, 25, 429, 'no', 0, 15, 50, '2022-09-21 12:52:24 AM', '2022-09-21 12:55:22 AM', 10452, 2, 10232, '2022-09-21', '\'-#-hwuwivd'),
(326, 1, 1, 430, 'yes', 2.5, 10, 100, '2022-09-21 12:52:24 AM', '2022-09-21 12:56:48 AM', 10453, 2, 10232, '2022-09-21', '\'\'\'heuebbd'),
(327, 1, 2, 430, 'yes', 2.5, 10, 100, '2022-09-21 12:52:24 AM', '2022-09-21 12:56:48 AM', 10453, 2, 10232, '2022-09-21', 'Nsjai\'\"\"jeuevvd'),
(328, 2, 3, 430, 'yes', 3.33333, 10, 100, '2022-09-21 12:52:24 AM', '2022-09-21 12:56:48 AM', 10453, 2, 10232, '2022-09-21', 'N/A'),
(329, 2, 4, 430, 'yes', 3.33333, 10, 100, '2022-09-21 12:52:24 AM', '2022-09-21 12:56:48 AM', 10453, 2, 10232, '2022-09-21', 'N/A'),
(330, 1, 5, 430, 'yes', 2.5, 10, 100, '2022-09-21 12:52:24 AM', '2022-09-21 12:56:48 AM', 10453, 2, 10232, '2022-09-21', 'Bahuei\'hehvev'),
(331, 1, 6, 430, 'yes', 2.5, 10, 100, '2022-09-21 12:52:24 AM', '2022-09-21 12:56:48 AM', 10453, 2, 10232, '2022-09-21', 'N/A'),
(332, 2, 7, 430, 'yes', 3.33333, 10, 100, '2022-09-21 12:52:24 AM', '2022-09-21 12:56:48 AM', 10453, 2, 10232, '2022-09-21', 'N/A'),
(333, 3, 8, 430, 'yes', 3.75, 15, 100, '2022-09-21 12:52:24 AM', '2022-09-21 12:56:48 AM', 10453, 2, 10232, '2022-09-21', 'N/A'),
(334, 3, 9, 430, 'yes', 3.75, 15, 100, '2022-09-21 12:52:24 AM', '2022-09-21 12:56:48 AM', 10453, 2, 10232, '2022-09-21', 'N/A'),
(335, 3, 10, 430, 'yes', 3.75, 15, 100, '2022-09-21 12:52:24 AM', '2022-09-21 12:56:48 AM', 10453, 2, 10232, '2022-09-21', 'N/A'),
(336, 3, 11, 430, 'yes', 3.75, 15, 100, '2022-09-21 12:52:24 AM', '2022-09-21 12:56:48 AM', 10453, 2, 10232, '2022-09-21', 'N/A'),
(337, 4, 12, 430, 'yes', 3.75, 15, 100, '2022-09-21 12:52:24 AM', '2022-09-21 12:56:48 AM', 10453, 2, 10232, '2022-09-21', 'N/A'),
(338, 4, 13, 430, 'yes', 3.75, 15, 100, '2022-09-21 12:52:24 AM', '2022-09-21 12:56:48 AM', 10453, 2, 10232, '2022-09-21', 'N/A'),
(339, 4, 14, 430, 'yes', 3.75, 15, 100, '2022-09-21 12:52:24 AM', '2022-09-21 12:56:48 AM', 10453, 2, 10232, '2022-09-21', 'N/A'),
(340, 4, 15, 430, 'yes', 3.75, 15, 100, '2022-09-21 12:52:24 AM', '2022-09-21 12:56:48 AM', 10453, 2, 10232, '2022-09-21', 'N/A'),
(341, 5, 16, 430, 'yes', 4, 20, 100, '2022-09-21 12:52:24 AM', '2022-09-21 12:56:48 AM', 10453, 2, 10232, '2022-09-21', 'N/A'),
(342, 5, 17, 430, 'yes', 4, 20, 100, '2022-09-21 12:52:24 AM', '2022-09-21 12:56:48 AM', 10453, 2, 10232, '2022-09-21', 'N/A'),
(343, 5, 18, 430, 'yes', 4, 20, 100, '2022-09-21 12:52:24 AM', '2022-09-21 12:56:48 AM', 10453, 2, 10232, '2022-09-21', 'N/A'),
(344, 5, 19, 430, 'yes', 4, 20, 100, '2022-09-21 12:52:24 AM', '2022-09-21 12:56:48 AM', 10453, 2, 10232, '2022-09-21', 'N/A'),
(345, 5, 20, 430, 'yes', 4, 20, 100, '2022-09-21 12:52:24 AM', '2022-09-21 12:56:48 AM', 10453, 2, 10232, '2022-09-21', 'N/A'),
(346, 6, 21, 430, 'yes', 15, 15, 100, '2022-09-21 12:52:24 AM', '2022-09-21 12:56:48 AM', 10453, 2, 10232, '2022-09-21', 'N/A'),
(347, 7, 22, 430, 'no', 0, 15, 0, '2022-09-21 12:52:24 AM', '2022-09-21 12:56:48 AM', 10453, 2, 10232, '2022-09-21', 'N/A'),
(348, 7, 23, 430, 'no', 0, 15, 0, '2022-09-21 12:52:24 AM', '2022-09-21 12:56:48 AM', 10453, 2, 10232, '2022-09-21', 'N/A'),
(349, 7, 24, 430, 'no', 0, 15, 0, '2022-09-21 12:52:24 AM', '2022-09-21 12:56:48 AM', 10453, 2, 10232, '2022-09-21', 'N/A'),
(350, 7, 25, 430, 'no', 0, 15, 0, '2022-09-21 12:52:24 AM', '2022-09-21 12:56:48 AM', 10453, 2, 10232, '2022-09-21', '\'-#-hwuwivd'),
(351, 1, 1, 432, 'yes', 2.5, 10, 100, '2022-09-21 12:52:24 AM', '2022-09-21 12:57:43 AM', 10517, 2, 10232, '2022-09-21', '\'\'\'heuebbd'),
(352, 1, 2, 432, 'yes', 2.5, 10, 100, '2022-09-21 12:52:24 AM', '2022-09-21 12:57:43 AM', 10517, 2, 10232, '2022-09-21', 'Nsjai\'\"\"jeuevvd'),
(353, 2, 3, 432, 'yes', 3.33333, 10, 100, '2022-09-21 12:52:24 AM', '2022-09-21 12:57:43 AM', 10517, 2, 10232, '2022-09-21', 'N/A'),
(354, 2, 4, 432, 'yes', 3.33333, 10, 100, '2022-09-21 12:52:24 AM', '2022-09-21 12:57:43 AM', 10517, 2, 10232, '2022-09-21', 'N/A'),
(355, 1, 5, 432, 'yes', 2.5, 10, 100, '2022-09-21 12:52:24 AM', '2022-09-21 12:57:43 AM', 10517, 2, 10232, '2022-09-21', 'Bahuei\'hehvev'),
(356, 1, 6, 432, 'yes', 2.5, 10, 100, '2022-09-21 12:52:24 AM', '2022-09-21 12:57:43 AM', 10517, 2, 10232, '2022-09-21', 'N/A'),
(357, 2, 7, 432, 'yes', 3.33333, 10, 100, '2022-09-21 12:52:24 AM', '2022-09-21 12:57:43 AM', 10517, 2, 10232, '2022-09-21', 'N/A'),
(358, 3, 8, 432, 'yes', 3.75, 15, 100, '2022-09-21 12:52:24 AM', '2022-09-21 12:57:43 AM', 10517, 2, 10232, '2022-09-21', 'N/A'),
(359, 3, 9, 432, 'yes', 3.75, 15, 100, '2022-09-21 12:52:24 AM', '2022-09-21 12:57:43 AM', 10517, 2, 10232, '2022-09-21', 'N/A'),
(360, 3, 10, 432, 'yes', 3.75, 15, 100, '2022-09-21 12:52:24 AM', '2022-09-21 12:57:43 AM', 10517, 2, 10232, '2022-09-21', 'N/A'),
(361, 3, 11, 432, 'yes', 3.75, 15, 100, '2022-09-21 12:52:24 AM', '2022-09-21 12:57:43 AM', 10517, 2, 10232, '2022-09-21', 'N/A'),
(362, 4, 12, 432, 'yes', 3.75, 15, 100, '2022-09-21 12:52:24 AM', '2022-09-21 12:57:43 AM', 10517, 2, 10232, '2022-09-21', 'N/A'),
(363, 4, 13, 432, 'yes', 3.75, 15, 100, '2022-09-21 12:52:24 AM', '2022-09-21 12:57:43 AM', 10517, 2, 10232, '2022-09-21', 'N/A'),
(364, 4, 14, 432, 'yes', 3.75, 15, 100, '2022-09-21 12:52:24 AM', '2022-09-21 12:57:43 AM', 10517, 2, 10232, '2022-09-21', 'N/A'),
(365, 4, 15, 432, 'yes', 3.75, 15, 100, '2022-09-21 12:52:24 AM', '2022-09-21 12:57:43 AM', 10517, 2, 10232, '2022-09-21', 'N/A'),
(366, 5, 16, 432, 'yes', 4, 20, 100, '2022-09-21 12:52:24 AM', '2022-09-21 12:57:43 AM', 10517, 2, 10232, '2022-09-21', 'N/A'),
(367, 5, 17, 432, 'yes', 4, 20, 100, '2022-09-21 12:52:24 AM', '2022-09-21 12:57:43 AM', 10517, 2, 10232, '2022-09-21', 'N/A'),
(368, 5, 18, 432, 'yes', 4, 20, 100, '2022-09-21 12:52:24 AM', '2022-09-21 12:57:43 AM', 10517, 2, 10232, '2022-09-21', 'N/A'),
(369, 5, 19, 432, 'yes', 4, 20, 100, '2022-09-21 12:52:24 AM', '2022-09-21 12:57:43 AM', 10517, 2, 10232, '2022-09-21', 'N/A'),
(370, 5, 20, 432, 'yes', 4, 20, 100, '2022-09-21 12:52:24 AM', '2022-09-21 12:57:43 AM', 10517, 2, 10232, '2022-09-21', 'N/A'),
(371, 6, 21, 432, 'yes', 15, 15, 100, '2022-09-21 12:52:24 AM', '2022-09-21 12:57:43 AM', 10517, 2, 10232, '2022-09-21', 'N/A'),
(372, 7, 22, 432, 'no', 0, 15, 0, '2022-09-21 12:52:24 AM', '2022-09-21 12:57:43 AM', 10517, 2, 10232, '2022-09-21', 'N/A'),
(373, 7, 23, 432, 'no', 0, 15, 0, '2022-09-21 12:52:24 AM', '2022-09-21 12:57:43 AM', 10517, 2, 10232, '2022-09-21', 'N/A'),
(374, 7, 24, 432, 'no', 0, 15, 0, '2022-09-21 12:52:24 AM', '2022-09-21 12:57:43 AM', 10517, 2, 10232, '2022-09-21', 'N/A'),
(375, 7, 25, 432, 'no', 0, 15, 0, '2022-09-21 12:52:24 AM', '2022-09-21 12:57:43 AM', 10517, 2, 10232, '2022-09-21', '\'-#-hwuwivd'),
(376, 1, 1, 433, 'yes', 2.5, 10, 100, '2022-09-21 12:52:24 AM', '2022-09-21 12:59:14 AM', 10684, 2, 10232, '2022-09-21', '\'\'\'heuebbd'),
(377, 1, 2, 433, 'yes', 2.5, 10, 100, '2022-09-21 12:52:24 AM', '2022-09-21 12:59:14 AM', 10684, 2, 10232, '2022-09-21', 'Nsjai\'\"\"jeuevvd'),
(378, 2, 3, 433, 'yes', 3.33333, 10, 100, '2022-09-21 12:52:24 AM', '2022-09-21 12:59:14 AM', 10684, 2, 10232, '2022-09-21', 'N/A'),
(379, 2, 4, 433, 'yes', 3.33333, 10, 100, '2022-09-21 12:52:24 AM', '2022-09-21 12:59:14 AM', 10684, 2, 10232, '2022-09-21', 'N/A'),
(380, 1, 5, 433, 'yes', 2.5, 10, 100, '2022-09-21 12:52:24 AM', '2022-09-21 12:59:14 AM', 10684, 2, 10232, '2022-09-21', 'Bahuei\'hehvev'),
(381, 1, 6, 433, 'yes', 2.5, 10, 100, '2022-09-21 12:52:24 AM', '2022-09-21 12:59:14 AM', 10684, 2, 10232, '2022-09-21', 'N/A'),
(382, 2, 7, 433, 'yes', 3.33333, 10, 100, '2022-09-21 12:52:24 AM', '2022-09-21 12:59:14 AM', 10684, 2, 10232, '2022-09-21', 'N/A'),
(383, 3, 8, 433, 'yes', 3.75, 15, 100, '2022-09-21 12:52:24 AM', '2022-09-21 12:59:14 AM', 10684, 2, 10232, '2022-09-21', 'N/A');
INSERT INTO `historical_data` (`id`, `checklistID`, `paramID`, `sessionID`, `weight`, `calc_weight_tbd`, `total_weight`, `calc_total_weight_percentage`, `start_time`, `end_time`, `coachedID`, `coached_departmentID`, `coached_by`, `date_created`, `comment`) VALUES
(384, 3, 9, 433, 'yes', 3.75, 15, 100, '2022-09-21 12:52:24 AM', '2022-09-21 12:59:14 AM', 10684, 2, 10232, '2022-09-21', 'N/A'),
(385, 3, 10, 433, 'yes', 3.75, 15, 100, '2022-09-21 12:52:24 AM', '2022-09-21 12:59:14 AM', 10684, 2, 10232, '2022-09-21', 'N/A'),
(386, 3, 11, 433, 'yes', 3.75, 15, 100, '2022-09-21 12:52:24 AM', '2022-09-21 12:59:14 AM', 10684, 2, 10232, '2022-09-21', 'N/A'),
(387, 4, 12, 433, 'yes', 3.75, 15, 100, '2022-09-21 12:52:24 AM', '2022-09-21 12:59:14 AM', 10684, 2, 10232, '2022-09-21', 'N/A'),
(388, 4, 13, 433, 'yes', 3.75, 15, 100, '2022-09-21 12:52:24 AM', '2022-09-21 12:59:14 AM', 10684, 2, 10232, '2022-09-21', 'N/A'),
(389, 4, 14, 433, 'yes', 3.75, 15, 100, '2022-09-21 12:52:24 AM', '2022-09-21 12:59:14 AM', 10684, 2, 10232, '2022-09-21', 'N/A'),
(390, 4, 15, 433, 'yes', 3.75, 15, 100, '2022-09-21 12:52:24 AM', '2022-09-21 12:59:14 AM', 10684, 2, 10232, '2022-09-21', 'N/A'),
(391, 5, 16, 433, 'yes', 4, 20, 100, '2022-09-21 12:52:24 AM', '2022-09-21 12:59:14 AM', 10684, 2, 10232, '2022-09-21', 'N/A'),
(392, 5, 17, 433, 'yes', 4, 20, 100, '2022-09-21 12:52:24 AM', '2022-09-21 12:59:14 AM', 10684, 2, 10232, '2022-09-21', 'N/A'),
(393, 5, 18, 433, 'yes', 4, 20, 100, '2022-09-21 12:52:24 AM', '2022-09-21 12:59:14 AM', 10684, 2, 10232, '2022-09-21', 'N/A'),
(394, 5, 19, 433, 'yes', 4, 20, 100, '2022-09-21 12:52:24 AM', '2022-09-21 12:59:14 AM', 10684, 2, 10232, '2022-09-21', 'N/A'),
(395, 5, 20, 433, 'yes', 4, 20, 100, '2022-09-21 12:52:24 AM', '2022-09-21 12:59:14 AM', 10684, 2, 10232, '2022-09-21', 'N/A'),
(396, 6, 21, 433, 'yes', 15, 15, 100, '2022-09-21 12:52:24 AM', '2022-09-21 12:59:14 AM', 10684, 2, 10232, '2022-09-21', 'N/A'),
(397, 7, 22, 433, 'no', 0, 15, 0, '2022-09-21 12:52:24 AM', '2022-09-21 12:59:14 AM', 10684, 2, 10232, '2022-09-21', 'N/A'),
(398, 7, 23, 433, 'no', 0, 15, 0, '2022-09-21 12:52:24 AM', '2022-09-21 12:59:14 AM', 10684, 2, 10232, '2022-09-21', 'N/A'),
(399, 7, 24, 433, 'no', 0, 15, 0, '2022-09-21 12:52:24 AM', '2022-09-21 12:59:14 AM', 10684, 2, 10232, '2022-09-21', 'N/A'),
(400, 7, 25, 433, 'no', 0, 15, 0, '2022-09-21 12:52:24 AM', '2022-09-21 12:59:14 AM', 10684, 2, 10232, '2022-09-21', '\'-#-hwuwivd'),
(401, 1, 1, 436, 'yes', 2.5, 10, 100, '2022-09-21 1:03:29 AM', '2022-09-21 1:03:52 AM', 10071, 2, 10232, '2022-09-21', '\'\'\'heuebbd'),
(402, 1, 2, 436, 'yes', 2.5, 10, 100, '2022-09-21 1:03:29 AM', '2022-09-21 1:03:52 AM', 10071, 2, 10232, '2022-09-21', 'Nsjai\'\"\"jeuevvd'),
(403, 2, 3, 436, 'yes', 3.33333, 10, 100, '2022-09-21 1:03:29 AM', '2022-09-21 1:03:52 AM', 10071, 2, 10232, '2022-09-21', 'N/A'),
(404, 2, 4, 436, 'yes', 3.33333, 10, 100, '2022-09-21 1:03:29 AM', '2022-09-21 1:03:52 AM', 10071, 2, 10232, '2022-09-21', 'N/A'),
(405, 1, 5, 436, 'yes', 2.5, 10, 100, '2022-09-21 1:03:29 AM', '2022-09-21 1:03:52 AM', 10071, 2, 10232, '2022-09-21', 'Bahuei\'hehvev'),
(406, 1, 6, 436, 'yes', 2.5, 10, 100, '2022-09-21 1:03:29 AM', '2022-09-21 1:03:52 AM', 10071, 2, 10232, '2022-09-21', 'N/A'),
(407, 2, 7, 436, 'yes', 3.33333, 10, 100, '2022-09-21 1:03:29 AM', '2022-09-21 1:03:52 AM', 10071, 2, 10232, '2022-09-21', 'N/A'),
(408, 3, 8, 436, 'yes', 3.75, 15, 100, '2022-09-21 1:03:29 AM', '2022-09-21 1:03:52 AM', 10071, 2, 10232, '2022-09-21', 'N/A'),
(409, 3, 9, 436, 'yes', 3.75, 15, 100, '2022-09-21 1:03:29 AM', '2022-09-21 1:03:52 AM', 10071, 2, 10232, '2022-09-21', 'N/A'),
(410, 3, 10, 436, 'yes', 3.75, 15, 100, '2022-09-21 1:03:29 AM', '2022-09-21 1:03:52 AM', 10071, 2, 10232, '2022-09-21', 'N/A'),
(411, 3, 11, 436, 'yes', 3.75, 15, 100, '2022-09-21 1:03:29 AM', '2022-09-21 1:03:52 AM', 10071, 2, 10232, '2022-09-21', 'N/A'),
(412, 4, 12, 436, 'yes', 3.75, 15, 100, '2022-09-21 1:03:29 AM', '2022-09-21 1:03:52 AM', 10071, 2, 10232, '2022-09-21', 'N/A'),
(413, 4, 13, 436, 'yes', 3.75, 15, 100, '2022-09-21 1:03:29 AM', '2022-09-21 1:03:52 AM', 10071, 2, 10232, '2022-09-21', 'N/A'),
(414, 4, 14, 436, 'yes', 3.75, 15, 100, '2022-09-21 1:03:29 AM', '2022-09-21 1:03:52 AM', 10071, 2, 10232, '2022-09-21', 'N/A'),
(415, 4, 15, 436, 'yes', 3.75, 15, 100, '2022-09-21 1:03:29 AM', '2022-09-21 1:03:52 AM', 10071, 2, 10232, '2022-09-21', 'N/A'),
(416, 5, 16, 436, 'yes', 4, 20, 100, '2022-09-21 1:03:29 AM', '2022-09-21 1:03:52 AM', 10071, 2, 10232, '2022-09-21', 'N/A'),
(417, 5, 17, 436, 'yes', 4, 20, 100, '2022-09-21 1:03:29 AM', '2022-09-21 1:03:52 AM', 10071, 2, 10232, '2022-09-21', 'N/A'),
(418, 5, 18, 436, 'yes', 4, 20, 100, '2022-09-21 1:03:29 AM', '2022-09-21 1:03:52 AM', 10071, 2, 10232, '2022-09-21', 'N/A'),
(419, 5, 19, 436, 'yes', 4, 20, 100, '2022-09-21 1:03:29 AM', '2022-09-21 1:03:52 AM', 10071, 2, 10232, '2022-09-21', 'N/A'),
(420, 5, 20, 436, 'yes', 4, 20, 100, '2022-09-21 1:03:29 AM', '2022-09-21 1:03:52 AM', 10071, 2, 10232, '2022-09-21', 'N/A'),
(421, 6, 21, 436, 'yes', 15, 15, 100, '2022-09-21 1:03:29 AM', '2022-09-21 1:03:52 AM', 10071, 2, 10232, '2022-09-21', 'N/A'),
(422, 7, 22, 436, 'yes', 3.75, 15, 75, '2022-09-21 1:03:29 AM', '2022-09-21 1:03:52 AM', 10071, 2, 10232, '2022-09-21', 'N/A'),
(423, 7, 23, 436, 'yes', 3.75, 15, 75, '2022-09-21 1:03:29 AM', '2022-09-21 1:03:52 AM', 10071, 2, 10232, '2022-09-21', 'N/A'),
(424, 7, 24, 436, 'yes', 3.75, 15, 75, '2022-09-21 1:03:29 AM', '2022-09-21 1:03:52 AM', 10071, 2, 10232, '2022-09-21', 'N/A'),
(425, 7, 25, 436, 'no', 0, 15, 75, '2022-09-21 1:03:29 AM', '2022-09-21 1:03:52 AM', 10071, 2, 10232, '2022-09-21', '\'-#-hwuwivd'),
(426, 1, 1, 437, 'yes', 2.5, 10, 100, '2022-09-21 12:52:24 AM', '2022-09-21 1:09:02 AM', 11102, 2, 10232, '2022-09-21', '\'\'\'heuebbd'),
(427, 1, 2, 437, 'yes', 2.5, 10, 100, '2022-09-21 12:52:24 AM', '2022-09-21 1:09:02 AM', 11102, 2, 10232, '2022-09-21', 'Nsjai\'\"\"jeuevvd'),
(428, 2, 3, 437, 'yes', 3.33333, 10, 100, '2022-09-21 12:52:24 AM', '2022-09-21 1:09:02 AM', 11102, 2, 10232, '2022-09-21', 'N/A'),
(429, 2, 4, 437, 'yes', 3.33333, 10, 100, '2022-09-21 12:52:24 AM', '2022-09-21 1:09:02 AM', 11102, 2, 10232, '2022-09-21', 'N/A'),
(430, 1, 5, 437, 'yes', 2.5, 10, 100, '2022-09-21 12:52:24 AM', '2022-09-21 1:09:02 AM', 11102, 2, 10232, '2022-09-21', 'Bahuei\'hehvev'),
(431, 1, 6, 437, 'yes', 2.5, 10, 100, '2022-09-21 12:52:24 AM', '2022-09-21 1:09:02 AM', 11102, 2, 10232, '2022-09-21', 'N/A'),
(432, 2, 7, 437, 'yes', 3.33333, 10, 100, '2022-09-21 12:52:24 AM', '2022-09-21 1:09:02 AM', 11102, 2, 10232, '2022-09-21', 'N/A'),
(433, 3, 8, 437, 'yes', 3.75, 15, 100, '2022-09-21 12:52:24 AM', '2022-09-21 1:09:02 AM', 11102, 2, 10232, '2022-09-21', 'N/A'),
(434, 3, 9, 437, 'yes', 3.75, 15, 100, '2022-09-21 12:52:24 AM', '2022-09-21 1:09:02 AM', 11102, 2, 10232, '2022-09-21', 'N/A'),
(435, 3, 10, 437, 'yes', 3.75, 15, 100, '2022-09-21 12:52:24 AM', '2022-09-21 1:09:02 AM', 11102, 2, 10232, '2022-09-21', 'N/A'),
(436, 3, 11, 437, 'yes', 3.75, 15, 100, '2022-09-21 12:52:24 AM', '2022-09-21 1:09:02 AM', 11102, 2, 10232, '2022-09-21', 'N/A'),
(437, 4, 12, 437, 'yes', 3.75, 15, 100, '2022-09-21 12:52:24 AM', '2022-09-21 1:09:02 AM', 11102, 2, 10232, '2022-09-21', 'N/A'),
(438, 4, 13, 437, 'yes', 3.75, 15, 100, '2022-09-21 12:52:24 AM', '2022-09-21 1:09:02 AM', 11102, 2, 10232, '2022-09-21', 'N/A'),
(439, 4, 14, 437, 'yes', 3.75, 15, 100, '2022-09-21 12:52:24 AM', '2022-09-21 1:09:02 AM', 11102, 2, 10232, '2022-09-21', 'N/A'),
(440, 4, 15, 437, 'yes', 3.75, 15, 100, '2022-09-21 12:52:24 AM', '2022-09-21 1:09:02 AM', 11102, 2, 10232, '2022-09-21', 'N/A'),
(441, 5, 16, 437, 'yes', 4, 20, 100, '2022-09-21 12:52:24 AM', '2022-09-21 1:09:02 AM', 11102, 2, 10232, '2022-09-21', 'N/A'),
(442, 5, 17, 437, 'yes', 4, 20, 100, '2022-09-21 12:52:24 AM', '2022-09-21 1:09:02 AM', 11102, 2, 10232, '2022-09-21', 'N/A'),
(443, 5, 18, 437, 'yes', 4, 20, 100, '2022-09-21 12:52:24 AM', '2022-09-21 1:09:02 AM', 11102, 2, 10232, '2022-09-21', 'N/A'),
(444, 5, 19, 437, 'yes', 4, 20, 100, '2022-09-21 12:52:24 AM', '2022-09-21 1:09:02 AM', 11102, 2, 10232, '2022-09-21', 'N/A'),
(445, 5, 20, 437, 'yes', 4, 20, 100, '2022-09-21 12:52:24 AM', '2022-09-21 1:09:02 AM', 11102, 2, 10232, '2022-09-21', 'N/A'),
(446, 6, 21, 437, 'yes', 15, 15, 100, '2022-09-21 12:52:24 AM', '2022-09-21 1:09:02 AM', 11102, 2, 10232, '2022-09-21', 'N/A'),
(447, 7, 22, 437, 'no', 0, 15, 0, '2022-09-21 12:52:24 AM', '2022-09-21 1:09:02 AM', 11102, 2, 10232, '2022-09-21', 'N/A'),
(448, 7, 23, 437, 'no', 0, 15, 0, '2022-09-21 12:52:24 AM', '2022-09-21 1:09:02 AM', 11102, 2, 10232, '2022-09-21', 'N/A'),
(449, 7, 24, 437, 'no', 0, 15, 0, '2022-09-21 12:52:24 AM', '2022-09-21 1:09:02 AM', 11102, 2, 10232, '2022-09-21', 'N/A'),
(450, 7, 25, 437, 'no', 0, 15, 0, '2022-09-21 12:52:24 AM', '2022-09-21 1:09:02 AM', 11102, 2, 10232, '2022-09-21', '\'-#-hwuwivd'),
(451, 1, 1, 438, 'yes', 2.5, 10, 100, '2022-09-21 12:52:24 AM', '2022-09-21 1:11:13 AM', 11493, 2, 10232, '2022-09-21', '\'\'\'heuebbd'),
(452, 1, 2, 438, 'yes', 2.5, 10, 100, '2022-09-21 12:52:24 AM', '2022-09-21 1:11:13 AM', 11493, 2, 10232, '2022-09-21', 'Nsjai\'\"\"jeuevvd'),
(453, 2, 3, 438, 'yes', 3.33333, 10, 100, '2022-09-21 12:52:24 AM', '2022-09-21 1:11:13 AM', 11493, 2, 10232, '2022-09-21', 'N/A'),
(454, 2, 4, 438, 'yes', 3.33333, 10, 100, '2022-09-21 12:52:24 AM', '2022-09-21 1:11:13 AM', 11493, 2, 10232, '2022-09-21', 'N/A'),
(455, 1, 5, 438, 'yes', 2.5, 10, 100, '2022-09-21 12:52:24 AM', '2022-09-21 1:11:13 AM', 11493, 2, 10232, '2022-09-21', 'Bahuei\'hehvev'),
(456, 1, 6, 438, 'yes', 2.5, 10, 100, '2022-09-21 12:52:24 AM', '2022-09-21 1:11:13 AM', 11493, 2, 10232, '2022-09-21', 'N/A'),
(457, 2, 7, 438, 'yes', 3.33333, 10, 100, '2022-09-21 12:52:24 AM', '2022-09-21 1:11:13 AM', 11493, 2, 10232, '2022-09-21', 'N/A'),
(458, 3, 8, 438, 'yes', 3.75, 15, 100, '2022-09-21 12:52:24 AM', '2022-09-21 1:11:13 AM', 11493, 2, 10232, '2022-09-21', 'N/A'),
(459, 3, 9, 438, 'yes', 3.75, 15, 100, '2022-09-21 12:52:24 AM', '2022-09-21 1:11:13 AM', 11493, 2, 10232, '2022-09-21', 'N/A'),
(460, 3, 10, 438, 'yes', 3.75, 15, 100, '2022-09-21 12:52:24 AM', '2022-09-21 1:11:13 AM', 11493, 2, 10232, '2022-09-21', 'N/A'),
(461, 3, 11, 438, 'yes', 3.75, 15, 100, '2022-09-21 12:52:24 AM', '2022-09-21 1:11:13 AM', 11493, 2, 10232, '2022-09-21', 'N/A'),
(462, 4, 12, 438, 'yes', 3.75, 15, 100, '2022-09-21 12:52:24 AM', '2022-09-21 1:11:13 AM', 11493, 2, 10232, '2022-09-21', 'N/A'),
(463, 4, 13, 438, 'yes', 3.75, 15, 100, '2022-09-21 12:52:24 AM', '2022-09-21 1:11:13 AM', 11493, 2, 10232, '2022-09-21', 'N/A'),
(464, 4, 14, 438, 'yes', 3.75, 15, 100, '2022-09-21 12:52:24 AM', '2022-09-21 1:11:13 AM', 11493, 2, 10232, '2022-09-21', 'N/A'),
(465, 4, 15, 438, 'yes', 3.75, 15, 100, '2022-09-21 12:52:24 AM', '2022-09-21 1:11:13 AM', 11493, 2, 10232, '2022-09-21', 'N/A'),
(466, 5, 16, 438, 'yes', 4, 20, 100, '2022-09-21 12:52:24 AM', '2022-09-21 1:11:13 AM', 11493, 2, 10232, '2022-09-21', 'N/A'),
(467, 5, 17, 438, 'yes', 4, 20, 100, '2022-09-21 12:52:24 AM', '2022-09-21 1:11:13 AM', 11493, 2, 10232, '2022-09-21', 'N/A'),
(468, 5, 18, 438, 'yes', 4, 20, 100, '2022-09-21 12:52:24 AM', '2022-09-21 1:11:13 AM', 11493, 2, 10232, '2022-09-21', 'N/A'),
(469, 5, 19, 438, 'yes', 4, 20, 100, '2022-09-21 12:52:24 AM', '2022-09-21 1:11:13 AM', 11493, 2, 10232, '2022-09-21', 'N/A'),
(470, 5, 20, 438, 'yes', 4, 20, 100, '2022-09-21 12:52:24 AM', '2022-09-21 1:11:13 AM', 11493, 2, 10232, '2022-09-21', 'N/A'),
(471, 6, 21, 438, 'yes', 15, 15, 100, '2022-09-21 12:52:24 AM', '2022-09-21 1:11:13 AM', 11493, 2, 10232, '2022-09-21', 'N/A'),
(472, 7, 22, 438, 'no', 0, 15, 0, '2022-09-21 12:52:24 AM', '2022-09-21 1:11:13 AM', 11493, 2, 10232, '2022-09-21', 'N/A'),
(473, 7, 23, 438, 'no', 0, 15, 0, '2022-09-21 12:52:24 AM', '2022-09-21 1:11:13 AM', 11493, 2, 10232, '2022-09-21', 'N/A'),
(474, 7, 24, 438, 'no', 0, 15, 0, '2022-09-21 12:52:24 AM', '2022-09-21 1:11:13 AM', 11493, 2, 10232, '2022-09-21', 'N/A'),
(475, 7, 25, 438, 'no', 0, 15, 0, '2022-09-21 12:52:24 AM', '2022-09-21 1:11:13 AM', 11493, 2, 10232, '2022-09-21', '\'-#-hwuwivd'),
(476, 1, 1, 439, 'yes', 2.5, 10, 100, '2022-09-21 12:52:24 AM', '2022-09-21 1:13:11 AM', 11503, 2, 10232, '2022-09-21', '\'\'\'heuebbd'),
(477, 1, 2, 439, 'yes', 2.5, 10, 100, '2022-09-21 12:52:24 AM', '2022-09-21 1:13:11 AM', 11503, 2, 10232, '2022-09-21', 'Nsjai\'\"\"jeuevvd'),
(478, 2, 3, 439, 'yes', 3.33333, 10, 100, '2022-09-21 12:52:24 AM', '2022-09-21 1:13:11 AM', 11503, 2, 10232, '2022-09-21', 'N/A'),
(479, 2, 4, 439, 'yes', 3.33333, 10, 100, '2022-09-21 12:52:24 AM', '2022-09-21 1:13:11 AM', 11503, 2, 10232, '2022-09-21', 'N/A'),
(480, 1, 5, 439, 'yes', 2.5, 10, 100, '2022-09-21 12:52:24 AM', '2022-09-21 1:13:11 AM', 11503, 2, 10232, '2022-09-21', 'Bahuei\'hehvev'),
(481, 1, 6, 439, 'yes', 2.5, 10, 100, '2022-09-21 12:52:24 AM', '2022-09-21 1:13:11 AM', 11503, 2, 10232, '2022-09-21', 'N/A'),
(482, 2, 7, 439, 'yes', 3.33333, 10, 100, '2022-09-21 12:52:24 AM', '2022-09-21 1:13:11 AM', 11503, 2, 10232, '2022-09-21', 'N/A'),
(483, 3, 8, 439, 'yes', 3.75, 15, 100, '2022-09-21 12:52:24 AM', '2022-09-21 1:13:11 AM', 11503, 2, 10232, '2022-09-21', 'N/A'),
(484, 3, 9, 439, 'yes', 3.75, 15, 100, '2022-09-21 12:52:24 AM', '2022-09-21 1:13:11 AM', 11503, 2, 10232, '2022-09-21', 'N/A'),
(485, 3, 10, 439, 'yes', 3.75, 15, 100, '2022-09-21 12:52:24 AM', '2022-09-21 1:13:11 AM', 11503, 2, 10232, '2022-09-21', 'N/A'),
(486, 3, 11, 439, 'yes', 3.75, 15, 100, '2022-09-21 12:52:24 AM', '2022-09-21 1:13:11 AM', 11503, 2, 10232, '2022-09-21', 'N/A'),
(487, 4, 12, 439, 'yes', 3.75, 15, 100, '2022-09-21 12:52:24 AM', '2022-09-21 1:13:11 AM', 11503, 2, 10232, '2022-09-21', 'N/A'),
(488, 4, 13, 439, 'yes', 3.75, 15, 100, '2022-09-21 12:52:24 AM', '2022-09-21 1:13:11 AM', 11503, 2, 10232, '2022-09-21', 'N/A'),
(489, 4, 14, 439, 'yes', 3.75, 15, 100, '2022-09-21 12:52:24 AM', '2022-09-21 1:13:11 AM', 11503, 2, 10232, '2022-09-21', 'N/A'),
(490, 4, 15, 439, 'yes', 3.75, 15, 100, '2022-09-21 12:52:24 AM', '2022-09-21 1:13:11 AM', 11503, 2, 10232, '2022-09-21', 'N/A'),
(491, 5, 16, 439, 'yes', 4, 20, 100, '2022-09-21 12:52:24 AM', '2022-09-21 1:13:11 AM', 11503, 2, 10232, '2022-09-21', 'N/A'),
(492, 5, 17, 439, 'yes', 4, 20, 100, '2022-09-21 12:52:24 AM', '2022-09-21 1:13:11 AM', 11503, 2, 10232, '2022-09-21', 'N/A'),
(493, 5, 18, 439, 'yes', 4, 20, 100, '2022-09-21 12:52:24 AM', '2022-09-21 1:13:11 AM', 11503, 2, 10232, '2022-09-21', 'N/A'),
(494, 5, 19, 439, 'yes', 4, 20, 100, '2022-09-21 12:52:24 AM', '2022-09-21 1:13:11 AM', 11503, 2, 10232, '2022-09-21', 'N/A'),
(495, 5, 20, 439, 'yes', 4, 20, 100, '2022-09-21 12:52:24 AM', '2022-09-21 1:13:11 AM', 11503, 2, 10232, '2022-09-21', 'N/A'),
(496, 6, 21, 439, 'yes', 15, 15, 100, '2022-09-21 12:52:24 AM', '2022-09-21 1:13:11 AM', 11503, 2, 10232, '2022-09-21', 'N/A'),
(497, 7, 22, 439, 'no', 0, 15, 0, '2022-09-21 12:52:24 AM', '2022-09-21 1:13:11 AM', 11503, 2, 10232, '2022-09-21', 'N/A'),
(498, 7, 23, 439, 'no', 0, 15, 0, '2022-09-21 12:52:24 AM', '2022-09-21 1:13:11 AM', 11503, 2, 10232, '2022-09-21', 'N/A'),
(499, 7, 24, 439, 'no', 0, 15, 0, '2022-09-21 12:52:24 AM', '2022-09-21 1:13:11 AM', 11503, 2, 10232, '2022-09-21', 'N/A'),
(500, 7, 25, 439, 'no', 0, 15, 0, '2022-09-21 12:52:24 AM', '2022-09-21 1:13:11 AM', 11503, 2, 10232, '2022-09-21', '\'-#-hwuwivd'),
(501, 1, 1, 440, 'yes', 2.5, 10, 100, '2022-09-21 12:52:24 AM', '2022-09-21 1:14:26 AM', 11733, 2, 10232, '2022-09-21', '\'\'\'heuebbd'),
(502, 1, 2, 440, 'yes', 2.5, 10, 100, '2022-09-21 12:52:24 AM', '2022-09-21 1:14:26 AM', 11733, 2, 10232, '2022-09-21', 'Nsjai\'\"\"jeuevvd'),
(503, 2, 3, 440, 'yes', 3.33333, 10, 100, '2022-09-21 12:52:24 AM', '2022-09-21 1:14:26 AM', 11733, 2, 10232, '2022-09-21', 'N/A'),
(504, 2, 4, 440, 'yes', 3.33333, 10, 100, '2022-09-21 12:52:24 AM', '2022-09-21 1:14:26 AM', 11733, 2, 10232, '2022-09-21', 'N/A'),
(505, 1, 5, 440, 'yes', 2.5, 10, 100, '2022-09-21 12:52:24 AM', '2022-09-21 1:14:26 AM', 11733, 2, 10232, '2022-09-21', 'Bahuei\'hehvev'),
(506, 1, 6, 440, 'yes', 2.5, 10, 100, '2022-09-21 12:52:24 AM', '2022-09-21 1:14:26 AM', 11733, 2, 10232, '2022-09-21', 'N/A'),
(507, 2, 7, 440, 'yes', 3.33333, 10, 100, '2022-09-21 12:52:24 AM', '2022-09-21 1:14:26 AM', 11733, 2, 10232, '2022-09-21', 'N/A'),
(508, 3, 8, 440, 'yes', 3.75, 15, 100, '2022-09-21 12:52:24 AM', '2022-09-21 1:14:26 AM', 11733, 2, 10232, '2022-09-21', 'N/A'),
(509, 3, 9, 440, 'yes', 3.75, 15, 100, '2022-09-21 12:52:24 AM', '2022-09-21 1:14:26 AM', 11733, 2, 10232, '2022-09-21', 'N/A'),
(510, 3, 10, 440, 'yes', 3.75, 15, 100, '2022-09-21 12:52:24 AM', '2022-09-21 1:14:26 AM', 11733, 2, 10232, '2022-09-21', 'N/A'),
(511, 3, 11, 440, 'yes', 3.75, 15, 100, '2022-09-21 12:52:24 AM', '2022-09-21 1:14:26 AM', 11733, 2, 10232, '2022-09-21', 'N/A'),
(512, 4, 12, 440, 'yes', 3.75, 15, 100, '2022-09-21 12:52:24 AM', '2022-09-21 1:14:26 AM', 11733, 2, 10232, '2022-09-21', 'N/A'),
(513, 4, 13, 440, 'yes', 3.75, 15, 100, '2022-09-21 12:52:24 AM', '2022-09-21 1:14:26 AM', 11733, 2, 10232, '2022-09-21', 'N/A'),
(514, 4, 14, 440, 'yes', 3.75, 15, 100, '2022-09-21 12:52:24 AM', '2022-09-21 1:14:26 AM', 11733, 2, 10232, '2022-09-21', 'N/A'),
(515, 4, 15, 440, 'yes', 3.75, 15, 100, '2022-09-21 12:52:24 AM', '2022-09-21 1:14:26 AM', 11733, 2, 10232, '2022-09-21', 'N/A'),
(516, 5, 16, 440, 'yes', 4, 20, 100, '2022-09-21 12:52:24 AM', '2022-09-21 1:14:26 AM', 11733, 2, 10232, '2022-09-21', 'N/A'),
(517, 5, 17, 440, 'yes', 4, 20, 100, '2022-09-21 12:52:24 AM', '2022-09-21 1:14:26 AM', 11733, 2, 10232, '2022-09-21', 'N/A'),
(518, 5, 18, 440, 'yes', 4, 20, 100, '2022-09-21 12:52:24 AM', '2022-09-21 1:14:26 AM', 11733, 2, 10232, '2022-09-21', 'N/A'),
(519, 5, 19, 440, 'yes', 4, 20, 100, '2022-09-21 12:52:24 AM', '2022-09-21 1:14:26 AM', 11733, 2, 10232, '2022-09-21', 'N/A'),
(520, 5, 20, 440, 'yes', 4, 20, 100, '2022-09-21 12:52:24 AM', '2022-09-21 1:14:26 AM', 11733, 2, 10232, '2022-09-21', 'N/A'),
(521, 6, 21, 440, 'yes', 15, 15, 100, '2022-09-21 12:52:24 AM', '2022-09-21 1:14:26 AM', 11733, 2, 10232, '2022-09-21', 'N/A'),
(522, 7, 22, 440, 'no', 0, 15, 0, '2022-09-21 12:52:24 AM', '2022-09-21 1:14:26 AM', 11733, 2, 10232, '2022-09-21', 'N/A'),
(523, 7, 23, 440, 'no', 0, 15, 0, '2022-09-21 12:52:24 AM', '2022-09-21 1:14:26 AM', 11733, 2, 10232, '2022-09-21', 'N/A'),
(524, 7, 24, 440, 'no', 0, 15, 0, '2022-09-21 12:52:24 AM', '2022-09-21 1:14:26 AM', 11733, 2, 10232, '2022-09-21', 'N/A'),
(525, 7, 25, 440, 'no', 0, 15, 0, '2022-09-21 12:52:24 AM', '2022-09-21 1:14:26 AM', 11733, 2, 10232, '2022-09-21', '\'-#-hwuwivd'),
(526, 1, 1, 442, 'yes', 2.5, 10, 100, '2022-09-21 1:14:40 AM', '2022-09-21 1:15:04 AM', 10026, 24, 10232, '2022-09-21', '\'\'\'heuebbd'),
(527, 1, 2, 442, 'yes', 2.5, 10, 100, '2022-09-21 1:14:40 AM', '2022-09-21 1:15:04 AM', 10026, 24, 10232, '2022-09-21', 'Nsjai\'\"\"jeuevvd'),
(528, 2, 3, 442, 'yes', 3.33333, 10, 100, '2022-09-21 1:14:40 AM', '2022-09-21 1:15:04 AM', 10026, 24, 10232, '2022-09-21', 'N/A'),
(529, 2, 4, 442, 'yes', 3.33333, 10, 100, '2022-09-21 1:14:40 AM', '2022-09-21 1:15:04 AM', 10026, 24, 10232, '2022-09-21', 'N/A'),
(530, 1, 5, 442, 'yes', 2.5, 10, 100, '2022-09-21 1:14:40 AM', '2022-09-21 1:15:04 AM', 10026, 24, 10232, '2022-09-21', 'Bahuei\'hehvev'),
(531, 1, 6, 442, 'yes', 2.5, 10, 100, '2022-09-21 1:14:40 AM', '2022-09-21 1:15:04 AM', 10026, 24, 10232, '2022-09-21', 'N/A'),
(532, 2, 7, 442, 'yes', 3.33333, 10, 100, '2022-09-21 1:14:40 AM', '2022-09-21 1:15:04 AM', 10026, 24, 10232, '2022-09-21', 'N/A'),
(533, 3, 8, 442, 'yes', 3.75, 15, 100, '2022-09-21 1:14:40 AM', '2022-09-21 1:15:04 AM', 10026, 24, 10232, '2022-09-21', 'N/A'),
(534, 3, 9, 442, 'yes', 3.75, 15, 100, '2022-09-21 1:14:40 AM', '2022-09-21 1:15:04 AM', 10026, 24, 10232, '2022-09-21', 'N/A'),
(535, 3, 10, 442, 'yes', 3.75, 15, 100, '2022-09-21 1:14:40 AM', '2022-09-21 1:15:04 AM', 10026, 24, 10232, '2022-09-21', 'N/A'),
(536, 3, 11, 442, 'yes', 3.75, 15, 100, '2022-09-21 1:14:40 AM', '2022-09-21 1:15:04 AM', 10026, 24, 10232, '2022-09-21', 'N/A'),
(537, 4, 12, 442, 'yes', 3.75, 15, 100, '2022-09-21 1:14:40 AM', '2022-09-21 1:15:04 AM', 10026, 24, 10232, '2022-09-21', 'N/A'),
(538, 4, 13, 442, 'yes', 3.75, 15, 100, '2022-09-21 1:14:40 AM', '2022-09-21 1:15:04 AM', 10026, 24, 10232, '2022-09-21', 'N/A'),
(539, 4, 14, 442, 'yes', 3.75, 15, 100, '2022-09-21 1:14:40 AM', '2022-09-21 1:15:04 AM', 10026, 24, 10232, '2022-09-21', 'N/A'),
(540, 4, 15, 442, 'yes', 3.75, 15, 100, '2022-09-21 1:14:40 AM', '2022-09-21 1:15:04 AM', 10026, 24, 10232, '2022-09-21', 'N/A'),
(541, 5, 16, 442, 'yes', 4, 20, 100, '2022-09-21 1:14:40 AM', '2022-09-21 1:15:04 AM', 10026, 24, 10232, '2022-09-21', 'N/A'),
(542, 5, 17, 442, 'yes', 4, 20, 100, '2022-09-21 1:14:40 AM', '2022-09-21 1:15:04 AM', 10026, 24, 10232, '2022-09-21', 'N/A'),
(543, 5, 18, 442, 'yes', 4, 20, 100, '2022-09-21 1:14:40 AM', '2022-09-21 1:15:04 AM', 10026, 24, 10232, '2022-09-21', 'N/A'),
(544, 5, 19, 442, 'yes', 4, 20, 100, '2022-09-21 1:14:40 AM', '2022-09-21 1:15:04 AM', 10026, 24, 10232, '2022-09-21', 'N/A'),
(545, 5, 20, 442, 'yes', 4, 20, 100, '2022-09-21 1:14:40 AM', '2022-09-21 1:15:04 AM', 10026, 24, 10232, '2022-09-21', 'N/A'),
(546, 6, 21, 442, 'yes', 15, 15, 100, '2022-09-21 1:14:40 AM', '2022-09-21 1:15:04 AM', 10026, 24, 10232, '2022-09-21', 'N/A'),
(547, 7, 22, 442, 'yes', 3.75, 15, 50, '2022-09-21 1:14:40 AM', '2022-09-21 1:15:04 AM', 10026, 24, 10232, '2022-09-21', 'N/A'),
(548, 7, 23, 442, 'yes', 3.75, 15, 50, '2022-09-21 1:14:40 AM', '2022-09-21 1:15:04 AM', 10026, 24, 10232, '2022-09-21', 'N/A'),
(549, 7, 24, 442, 'no', 0, 15, 50, '2022-09-21 1:14:40 AM', '2022-09-21 1:15:04 AM', 10026, 24, 10232, '2022-09-21', 'N/A'),
(550, 7, 25, 442, 'no', 0, 15, 50, '2022-09-21 1:14:40 AM', '2022-09-21 1:15:04 AM', 10026, 24, 10232, '2022-09-21', '\'-#-hwuwivd'),
(551, 1, 1, 448, 'no', 0, 10, 50, '2022-09-21 1:28:21 AM', '2022-09-21 1:30:21 AM', 10031, 22, 10232, '2022-09-21', '\'\'\'heuebbd'),
(552, 1, 2, 448, 'yes', 2.5, 10, 50, '2022-09-21 1:28:21 AM', '2022-09-21 1:30:21 AM', 10031, 22, 10232, '2022-09-21', 'Nsjai\'\"\"jeuevvd'),
(553, 2, 3, 448, 'yes', 3.33333, 10, 100, '2022-09-21 1:28:21 AM', '2022-09-21 1:30:21 AM', 10031, 22, 10232, '2022-09-21', 'N/A'),
(554, 2, 4, 448, 'yes', 3.33333, 10, 100, '2022-09-21 1:28:21 AM', '2022-09-21 1:30:21 AM', 10031, 22, 10232, '2022-09-21', 'N/A'),
(555, 1, 5, 448, 'no', 0, 10, 50, '2022-09-21 1:28:21 AM', '2022-09-21 1:30:21 AM', 10031, 22, 10232, '2022-09-21', 'Bahuei\'hehvev'),
(556, 1, 6, 448, 'yes', 2.5, 10, 50, '2022-09-21 1:28:21 AM', '2022-09-21 1:30:21 AM', 10031, 22, 10232, '2022-09-21', 'N/A'),
(557, 2, 7, 448, 'yes', 3.33333, 10, 100, '2022-09-21 1:28:21 AM', '2022-09-21 1:30:21 AM', 10031, 22, 10232, '2022-09-21', 'N/A'),
(558, 3, 8, 448, 'yes', 3.75, 15, 100, '2022-09-21 1:28:21 AM', '2022-09-21 1:30:21 AM', 10031, 22, 10232, '2022-09-21', 'N/A'),
(559, 3, 9, 448, 'yes', 3.75, 15, 100, '2022-09-21 1:28:21 AM', '2022-09-21 1:30:21 AM', 10031, 22, 10232, '2022-09-21', 'N/A'),
(560, 3, 10, 448, 'yes', 3.75, 15, 100, '2022-09-21 1:28:21 AM', '2022-09-21 1:30:21 AM', 10031, 22, 10232, '2022-09-21', 'N/A'),
(561, 3, 11, 448, 'yes', 3.75, 15, 100, '2022-09-21 1:28:21 AM', '2022-09-21 1:30:21 AM', 10031, 22, 10232, '2022-09-21', 'N/A'),
(562, 4, 12, 448, 'yes', 3.75, 15, 100, '2022-09-21 1:28:21 AM', '2022-09-21 1:30:21 AM', 10031, 22, 10232, '2022-09-21', 'N/A'),
(563, 4, 13, 448, 'yes', 3.75, 15, 100, '2022-09-21 1:28:21 AM', '2022-09-21 1:30:21 AM', 10031, 22, 10232, '2022-09-21', 'N/A'),
(564, 4, 14, 448, 'yes', 3.75, 15, 100, '2022-09-21 1:28:21 AM', '2022-09-21 1:30:21 AM', 10031, 22, 10232, '2022-09-21', 'N/A'),
(565, 4, 15, 448, 'yes', 3.75, 15, 100, '2022-09-21 1:28:21 AM', '2022-09-21 1:30:21 AM', 10031, 22, 10232, '2022-09-21', 'N/A'),
(566, 5, 16, 448, 'yes', 4, 20, 80, '2022-09-21 1:28:21 AM', '2022-09-21 1:30:21 AM', 10031, 22, 10232, '2022-09-21', 'N/A'),
(567, 5, 17, 448, 'yes', 4, 20, 80, '2022-09-21 1:28:21 AM', '2022-09-21 1:30:21 AM', 10031, 22, 10232, '2022-09-21', 'N/A'),
(568, 5, 18, 448, 'yes', 4, 20, 80, '2022-09-21 1:28:21 AM', '2022-09-21 1:30:21 AM', 10031, 22, 10232, '2022-09-21', 'N/A'),
(569, 5, 19, 448, 'no', 0, 20, 80, '2022-09-21 1:28:21 AM', '2022-09-21 1:30:21 AM', 10031, 22, 10232, '2022-09-21', 'N/A'),
(570, 5, 20, 448, 'yes', 4, 20, 80, '2022-09-21 1:28:21 AM', '2022-09-21 1:30:21 AM', 10031, 22, 10232, '2022-09-21', 'N/A'),
(571, 6, 21, 448, 'no', 0, 15, 0, '2022-09-21 1:28:21 AM', '2022-09-21 1:30:21 AM', 10031, 22, 10232, '2022-09-21', 'N/A'),
(572, 7, 22, 448, 'yes', 3.75, 15, 50, '2022-09-21 1:28:21 AM', '2022-09-21 1:30:21 AM', 10031, 22, 10232, '2022-09-21', 'N/A'),
(573, 7, 23, 448, 'no', 0, 15, 50, '2022-09-21 1:28:21 AM', '2022-09-21 1:30:21 AM', 10031, 22, 10232, '2022-09-21', 'N/A'),
(574, 7, 24, 448, 'yes', 3.75, 15, 50, '2022-09-21 1:28:21 AM', '2022-09-21 1:30:21 AM', 10031, 22, 10232, '2022-09-21', 'N/A'),
(575, 7, 25, 448, 'no', 0, 15, 50, '2022-09-21 1:28:21 AM', '2022-09-21 1:30:21 AM', 10031, 22, 10232, '2022-09-21', '\'-#-hwuwivd'),
(576, 1, 1, 450, 'no', 0, 10, 50, '2022-09-21 1:28:21 AM', '2022-09-21 1:31:07 AM', 10050, 22, 10232, '2022-09-21', '\'\'\'heuebbd'),
(577, 1, 2, 450, 'yes', 2.5, 10, 50, '2022-09-21 1:28:21 AM', '2022-09-21 1:31:07 AM', 10050, 22, 10232, '2022-09-21', 'Nsjai\'\"\"jeuevvd'),
(578, 2, 3, 450, 'yes', 3.33333, 10, 100, '2022-09-21 1:28:21 AM', '2022-09-21 1:31:07 AM', 10050, 22, 10232, '2022-09-21', 'N/A'),
(579, 2, 4, 450, 'yes', 3.33333, 10, 100, '2022-09-21 1:28:21 AM', '2022-09-21 1:31:07 AM', 10050, 22, 10232, '2022-09-21', 'N/A'),
(580, 1, 5, 450, 'no', 0, 10, 50, '2022-09-21 1:28:21 AM', '2022-09-21 1:31:07 AM', 10050, 22, 10232, '2022-09-21', 'Bahuei\'hehvev'),
(581, 1, 6, 450, 'yes', 2.5, 10, 50, '2022-09-21 1:28:21 AM', '2022-09-21 1:31:07 AM', 10050, 22, 10232, '2022-09-21', 'N/A'),
(582, 2, 7, 450, 'yes', 3.33333, 10, 100, '2022-09-21 1:28:21 AM', '2022-09-21 1:31:07 AM', 10050, 22, 10232, '2022-09-21', 'N/A'),
(583, 3, 8, 450, 'yes', 3.75, 15, 100, '2022-09-21 1:28:21 AM', '2022-09-21 1:31:07 AM', 10050, 22, 10232, '2022-09-21', 'N/A'),
(584, 3, 9, 450, 'yes', 3.75, 15, 100, '2022-09-21 1:28:21 AM', '2022-09-21 1:31:07 AM', 10050, 22, 10232, '2022-09-21', 'N/A'),
(585, 3, 10, 450, 'yes', 3.75, 15, 100, '2022-09-21 1:28:21 AM', '2022-09-21 1:31:07 AM', 10050, 22, 10232, '2022-09-21', 'N/A'),
(586, 3, 11, 450, 'yes', 3.75, 15, 100, '2022-09-21 1:28:21 AM', '2022-09-21 1:31:07 AM', 10050, 22, 10232, '2022-09-21', 'N/A'),
(587, 4, 12, 450, 'yes', 3.75, 15, 100, '2022-09-21 1:28:21 AM', '2022-09-21 1:31:07 AM', 10050, 22, 10232, '2022-09-21', 'N/A'),
(588, 4, 13, 450, 'yes', 3.75, 15, 100, '2022-09-21 1:28:21 AM', '2022-09-21 1:31:07 AM', 10050, 22, 10232, '2022-09-21', 'N/A'),
(589, 4, 14, 450, 'yes', 3.75, 15, 100, '2022-09-21 1:28:21 AM', '2022-09-21 1:31:07 AM', 10050, 22, 10232, '2022-09-21', 'N/A'),
(590, 4, 15, 450, 'yes', 3.75, 15, 100, '2022-09-21 1:28:21 AM', '2022-09-21 1:31:07 AM', 10050, 22, 10232, '2022-09-21', 'N/A'),
(591, 5, 16, 450, 'yes', 4, 20, 80, '2022-09-21 1:28:21 AM', '2022-09-21 1:31:07 AM', 10050, 22, 10232, '2022-09-21', 'N/A'),
(592, 5, 17, 450, 'yes', 4, 20, 80, '2022-09-21 1:28:21 AM', '2022-09-21 1:31:07 AM', 10050, 22, 10232, '2022-09-21', 'N/A'),
(593, 5, 18, 450, 'yes', 4, 20, 80, '2022-09-21 1:28:21 AM', '2022-09-21 1:31:07 AM', 10050, 22, 10232, '2022-09-21', 'N/A'),
(594, 5, 19, 450, 'no', 0, 20, 80, '2022-09-21 1:28:21 AM', '2022-09-21 1:31:07 AM', 10050, 22, 10232, '2022-09-21', 'N/A'),
(595, 5, 20, 450, 'yes', 4, 20, 80, '2022-09-21 1:28:21 AM', '2022-09-21 1:31:07 AM', 10050, 22, 10232, '2022-09-21', 'N/A'),
(596, 6, 21, 450, 'no', 0, 15, 0, '2022-09-21 1:28:21 AM', '2022-09-21 1:31:07 AM', 10050, 22, 10232, '2022-09-21', 'N/A'),
(597, 7, 22, 450, 'yes', 3.75, 15, 50, '2022-09-21 1:28:21 AM', '2022-09-21 1:31:07 AM', 10050, 22, 10232, '2022-09-21', 'N/A'),
(598, 7, 23, 450, 'no', 0, 15, 50, '2022-09-21 1:28:21 AM', '2022-09-21 1:31:07 AM', 10050, 22, 10232, '2022-09-21', 'N/A'),
(599, 7, 24, 450, 'yes', 3.75, 15, 50, '2022-09-21 1:28:21 AM', '2022-09-21 1:31:07 AM', 10050, 22, 10232, '2022-09-21', 'N/A'),
(600, 7, 25, 450, 'no', 0, 15, 50, '2022-09-21 1:28:21 AM', '2022-09-21 1:31:07 AM', 10050, 22, 10232, '2022-09-21', '\'-#-hwuwivd'),
(601, 1, 1, 451, 'yes', 2.5, 10, 100, '2022-09-21 1:37:52 AM', '2022-09-21 1:39:15 AM', 10214, 22, 10232, '2022-09-21', '\'\'\'heuebbd'),
(602, 1, 2, 451, 'yes', 2.5, 10, 100, '2022-09-21 1:37:52 AM', '2022-09-21 1:39:15 AM', 10214, 22, 10232, '2022-09-21', 'Nsjai\'\"\"jeuevvd'),
(603, 2, 3, 451, 'yes', 3.33333, 10, 100, '2022-09-21 1:37:52 AM', '2022-09-21 1:39:15 AM', 10214, 22, 10232, '2022-09-21', 'N/A'),
(604, 2, 4, 451, 'yes', 3.33333, 10, 100, '2022-09-21 1:37:52 AM', '2022-09-21 1:39:15 AM', 10214, 22, 10232, '2022-09-21', 'N/A'),
(605, 1, 5, 451, 'yes', 2.5, 10, 100, '2022-09-21 1:37:52 AM', '2022-09-21 1:39:15 AM', 10214, 22, 10232, '2022-09-21', 'Bahuei\'hehvev'),
(606, 1, 6, 451, 'yes', 2.5, 10, 100, '2022-09-21 1:37:52 AM', '2022-09-21 1:39:15 AM', 10214, 22, 10232, '2022-09-21', 'N/A'),
(607, 2, 7, 451, 'yes', 3.33333, 10, 100, '2022-09-21 1:37:52 AM', '2022-09-21 1:39:15 AM', 10214, 22, 10232, '2022-09-21', 'N/A'),
(608, 3, 8, 451, 'yes', 3.75, 15, 100, '2022-09-21 1:37:52 AM', '2022-09-21 1:39:15 AM', 10214, 22, 10232, '2022-09-21', 'N/A'),
(609, 3, 9, 451, 'yes', 3.75, 15, 100, '2022-09-21 1:37:52 AM', '2022-09-21 1:39:15 AM', 10214, 22, 10232, '2022-09-21', 'N/A'),
(610, 3, 10, 451, 'yes', 3.75, 15, 100, '2022-09-21 1:37:52 AM', '2022-09-21 1:39:15 AM', 10214, 22, 10232, '2022-09-21', 'N/A'),
(611, 3, 11, 451, 'yes', 3.75, 15, 100, '2022-09-21 1:37:52 AM', '2022-09-21 1:39:15 AM', 10214, 22, 10232, '2022-09-21', 'N/A'),
(612, 4, 12, 451, 'yes', 3.75, 15, 100, '2022-09-21 1:37:52 AM', '2022-09-21 1:39:15 AM', 10214, 22, 10232, '2022-09-21', 'N/A'),
(613, 4, 13, 451, 'yes', 3.75, 15, 100, '2022-09-21 1:37:52 AM', '2022-09-21 1:39:15 AM', 10214, 22, 10232, '2022-09-21', 'N/A'),
(614, 4, 14, 451, 'yes', 3.75, 15, 100, '2022-09-21 1:37:52 AM', '2022-09-21 1:39:15 AM', 10214, 22, 10232, '2022-09-21', 'N/A'),
(615, 4, 15, 451, 'yes', 3.75, 15, 100, '2022-09-21 1:37:52 AM', '2022-09-21 1:39:15 AM', 10214, 22, 10232, '2022-09-21', 'N/A'),
(616, 5, 16, 451, 'yes', 4, 20, 100, '2022-09-21 1:37:52 AM', '2022-09-21 1:39:15 AM', 10214, 22, 10232, '2022-09-21', 'N/A'),
(617, 5, 17, 451, 'yes', 4, 20, 100, '2022-09-21 1:37:52 AM', '2022-09-21 1:39:15 AM', 10214, 22, 10232, '2022-09-21', 'N/A'),
(618, 5, 18, 451, 'yes', 4, 20, 100, '2022-09-21 1:37:52 AM', '2022-09-21 1:39:15 AM', 10214, 22, 10232, '2022-09-21', 'N/A'),
(619, 5, 19, 451, 'yes', 4, 20, 100, '2022-09-21 1:37:52 AM', '2022-09-21 1:39:15 AM', 10214, 22, 10232, '2022-09-21', 'N/A'),
(620, 5, 20, 451, 'yes', 4, 20, 100, '2022-09-21 1:37:52 AM', '2022-09-21 1:39:15 AM', 10214, 22, 10232, '2022-09-21', 'N/A'),
(621, 6, 21, 451, 'yes', 15, 15, 100, '2022-09-21 1:37:52 AM', '2022-09-21 1:39:15 AM', 10214, 22, 10232, '2022-09-21', 'N/A'),
(622, 7, 22, 451, 'yes', 3.75, 15, 75, '2022-09-21 1:37:52 AM', '2022-09-21 1:39:15 AM', 10214, 22, 10232, '2022-09-21', 'N/A'),
(623, 7, 23, 451, 'yes', 3.75, 15, 75, '2022-09-21 1:37:52 AM', '2022-09-21 1:39:15 AM', 10214, 22, 10232, '2022-09-21', 'N/A'),
(624, 7, 24, 451, 'yes', 3.75, 15, 75, '2022-09-21 1:37:52 AM', '2022-09-21 1:39:15 AM', 10214, 22, 10232, '2022-09-21', 'N/A'),
(625, 7, 25, 451, 'no', 0, 15, 75, '2022-09-21 1:37:52 AM', '2022-09-21 1:39:15 AM', 10214, 22, 10232, '2022-09-21', '\'-#-hwuwivd'),
(626, 1, 1, 453, 'yes', 2.5, 10, 100, '2022-09-21 1:37:52 AM', '2022-09-21 1:52:02 AM', 10405, 22, 10232, '2022-09-21', '\'\'\'heuebbd'),
(627, 1, 2, 453, 'yes', 2.5, 10, 100, '2022-09-21 1:37:52 AM', '2022-09-21 1:52:02 AM', 10405, 22, 10232, '2022-09-21', 'Nsjai\'\"\"jeuevvd'),
(628, 2, 3, 453, 'yes', 3.33333, 10, 100, '2022-09-21 1:37:52 AM', '2022-09-21 1:52:02 AM', 10405, 22, 10232, '2022-09-21', 'N/A'),
(629, 2, 4, 453, 'yes', 3.33333, 10, 100, '2022-09-21 1:37:52 AM', '2022-09-21 1:52:02 AM', 10405, 22, 10232, '2022-09-21', 'N/A'),
(630, 1, 5, 453, 'yes', 2.5, 10, 100, '2022-09-21 1:37:52 AM', '2022-09-21 1:52:02 AM', 10405, 22, 10232, '2022-09-21', 'Bahuei\'hehvev'),
(631, 1, 6, 453, 'yes', 2.5, 10, 100, '2022-09-21 1:37:52 AM', '2022-09-21 1:52:02 AM', 10405, 22, 10232, '2022-09-21', 'N/A'),
(632, 2, 7, 453, 'yes', 3.33333, 10, 100, '2022-09-21 1:37:52 AM', '2022-09-21 1:52:02 AM', 10405, 22, 10232, '2022-09-21', 'N/A'),
(633, 3, 8, 453, 'yes', 3.75, 15, 100, '2022-09-21 1:37:52 AM', '2022-09-21 1:52:02 AM', 10405, 22, 10232, '2022-09-21', 'N/A'),
(634, 3, 9, 453, 'yes', 3.75, 15, 100, '2022-09-21 1:37:52 AM', '2022-09-21 1:52:02 AM', 10405, 22, 10232, '2022-09-21', 'N/A'),
(635, 3, 10, 453, 'yes', 3.75, 15, 100, '2022-09-21 1:37:52 AM', '2022-09-21 1:52:02 AM', 10405, 22, 10232, '2022-09-21', 'N/A'),
(636, 3, 11, 453, 'yes', 3.75, 15, 100, '2022-09-21 1:37:52 AM', '2022-09-21 1:52:02 AM', 10405, 22, 10232, '2022-09-21', 'N/A'),
(637, 4, 12, 453, 'yes', 3.75, 15, 100, '2022-09-21 1:37:52 AM', '2022-09-21 1:52:02 AM', 10405, 22, 10232, '2022-09-21', 'N/A'),
(638, 4, 13, 453, 'yes', 3.75, 15, 100, '2022-09-21 1:37:52 AM', '2022-09-21 1:52:02 AM', 10405, 22, 10232, '2022-09-21', 'N/A'),
(639, 4, 14, 453, 'yes', 3.75, 15, 100, '2022-09-21 1:37:52 AM', '2022-09-21 1:52:02 AM', 10405, 22, 10232, '2022-09-21', 'N/A'),
(640, 4, 15, 453, 'yes', 3.75, 15, 100, '2022-09-21 1:37:52 AM', '2022-09-21 1:52:02 AM', 10405, 22, 10232, '2022-09-21', 'N/A'),
(641, 5, 16, 453, 'yes', 4, 20, 100, '2022-09-21 1:37:52 AM', '2022-09-21 1:52:02 AM', 10405, 22, 10232, '2022-09-21', 'N/A'),
(642, 5, 17, 453, 'yes', 4, 20, 100, '2022-09-21 1:37:52 AM', '2022-09-21 1:52:02 AM', 10405, 22, 10232, '2022-09-21', 'N/A'),
(643, 5, 18, 453, 'yes', 4, 20, 100, '2022-09-21 1:37:52 AM', '2022-09-21 1:52:02 AM', 10405, 22, 10232, '2022-09-21', 'N/A'),
(644, 5, 19, 453, 'yes', 4, 20, 100, '2022-09-21 1:37:52 AM', '2022-09-21 1:52:02 AM', 10405, 22, 10232, '2022-09-21', 'N/A'),
(645, 5, 20, 453, 'yes', 4, 20, 100, '2022-09-21 1:37:52 AM', '2022-09-21 1:52:02 AM', 10405, 22, 10232, '2022-09-21', 'N/A'),
(646, 6, 21, 453, 'yes', 15, 15, 100, '2022-09-21 1:37:52 AM', '2022-09-21 1:52:02 AM', 10405, 22, 10232, '2022-09-21', 'N/A'),
(647, 7, 22, 453, 'yes', 3.75, 15, 75, '2022-09-21 1:37:52 AM', '2022-09-21 1:52:02 AM', 10405, 22, 10232, '2022-09-21', 'N/A'),
(648, 7, 23, 453, 'yes', 3.75, 15, 75, '2022-09-21 1:37:52 AM', '2022-09-21 1:52:02 AM', 10405, 22, 10232, '2022-09-21', 'N/A'),
(649, 7, 24, 453, 'yes', 3.75, 15, 75, '2022-09-21 1:37:52 AM', '2022-09-21 1:52:02 AM', 10405, 22, 10232, '2022-09-21', 'N/A'),
(650, 7, 25, 453, 'no', 0, 15, 75, '2022-09-21 1:37:52 AM', '2022-09-21 1:52:02 AM', 10405, 22, 10232, '2022-09-21', '\'-#-hwuwivd'),
(651, 1, 1, 454, 'no', 0, 10, 50, '2022-09-21 1:37:52 AM', '2022-09-21 1:53:33 AM', 10110, 4, 10232, '2022-09-21', '\'\'\'heuebbd'),
(652, 1, 2, 454, 'no', 0, 10, 50, '2022-09-21 1:37:52 AM', '2022-09-21 1:53:33 AM', 10110, 4, 10232, '2022-09-21', 'Nsjai\'\"\"jeuevvd'),
(653, 2, 3, 454, 'yes', 3.33333, 10, 100, '2022-09-21 1:37:52 AM', '2022-09-21 1:53:33 AM', 10110, 4, 10232, '2022-09-21', 'N/A'),
(654, 2, 4, 454, 'yes', 3.33333, 10, 100, '2022-09-21 1:37:52 AM', '2022-09-21 1:53:33 AM', 10110, 4, 10232, '2022-09-21', 'N/A'),
(655, 1, 5, 454, 'yes', 2.5, 10, 50, '2022-09-21 1:37:52 AM', '2022-09-21 1:53:33 AM', 10110, 4, 10232, '2022-09-21', 'Bahuei\'hehvev'),
(656, 1, 6, 454, 'yes', 2.5, 10, 50, '2022-09-21 1:37:52 AM', '2022-09-21 1:53:33 AM', 10110, 4, 10232, '2022-09-21', 'N/A'),
(657, 2, 7, 454, 'yes', 3.33333, 10, 100, '2022-09-21 1:37:52 AM', '2022-09-21 1:53:33 AM', 10110, 4, 10232, '2022-09-21', 'N/A'),
(658, 3, 8, 454, 'yes', 3.75, 15, 100, '2022-09-21 1:37:52 AM', '2022-09-21 1:53:33 AM', 10110, 4, 10232, '2022-09-21', 'N/A'),
(659, 3, 9, 454, 'yes', 3.75, 15, 100, '2022-09-21 1:37:52 AM', '2022-09-21 1:53:33 AM', 10110, 4, 10232, '2022-09-21', 'N/A'),
(660, 3, 10, 454, 'yes', 3.75, 15, 100, '2022-09-21 1:37:52 AM', '2022-09-21 1:53:33 AM', 10110, 4, 10232, '2022-09-21', 'N/A'),
(661, 3, 11, 454, 'yes', 3.75, 15, 100, '2022-09-21 1:37:52 AM', '2022-09-21 1:53:33 AM', 10110, 4, 10232, '2022-09-21', 'N/A'),
(662, 4, 12, 454, 'yes', 3.75, 15, 100, '2022-09-21 1:37:52 AM', '2022-09-21 1:53:33 AM', 10110, 4, 10232, '2022-09-21', 'N/A'),
(663, 4, 13, 454, 'yes', 3.75, 15, 100, '2022-09-21 1:37:52 AM', '2022-09-21 1:53:33 AM', 10110, 4, 10232, '2022-09-21', 'N/A'),
(664, 4, 14, 454, 'yes', 3.75, 15, 100, '2022-09-21 1:37:52 AM', '2022-09-21 1:53:33 AM', 10110, 4, 10232, '2022-09-21', 'N/A'),
(665, 4, 15, 454, 'yes', 3.75, 15, 100, '2022-09-21 1:37:52 AM', '2022-09-21 1:53:33 AM', 10110, 4, 10232, '2022-09-21', 'N/A'),
(666, 5, 16, 454, 'yes', 4, 20, 100, '2022-09-21 1:37:52 AM', '2022-09-21 1:53:33 AM', 10110, 4, 10232, '2022-09-21', 'N/A'),
(667, 5, 17, 454, 'yes', 4, 20, 100, '2022-09-21 1:37:52 AM', '2022-09-21 1:53:33 AM', 10110, 4, 10232, '2022-09-21', 'N/A'),
(668, 5, 18, 454, 'yes', 4, 20, 100, '2022-09-21 1:37:52 AM', '2022-09-21 1:53:33 AM', 10110, 4, 10232, '2022-09-21', 'N/A'),
(669, 5, 19, 454, 'yes', 4, 20, 100, '2022-09-21 1:37:52 AM', '2022-09-21 1:53:33 AM', 10110, 4, 10232, '2022-09-21', 'N/A'),
(670, 5, 20, 454, 'yes', 4, 20, 100, '2022-09-21 1:37:52 AM', '2022-09-21 1:53:33 AM', 10110, 4, 10232, '2022-09-21', 'N/A'),
(671, 6, 21, 454, 'yes', 15, 15, 100, '2022-09-21 1:37:52 AM', '2022-09-21 1:53:33 AM', 10110, 4, 10232, '2022-09-21', 'N/A'),
(672, 7, 22, 454, 'yes', 3.75, 15, 75, '2022-09-21 1:37:52 AM', '2022-09-21 1:53:33 AM', 10110, 4, 10232, '2022-09-21', 'N/A'),
(673, 7, 23, 454, 'yes', 3.75, 15, 75, '2022-09-21 1:37:52 AM', '2022-09-21 1:53:33 AM', 10110, 4, 10232, '2022-09-21', 'N/A'),
(674, 7, 24, 454, 'yes', 3.75, 15, 75, '2022-09-21 1:37:52 AM', '2022-09-21 1:53:33 AM', 10110, 4, 10232, '2022-09-21', 'N/A'),
(675, 7, 25, 454, 'no', 0, 15, 75, '2022-09-21 1:37:52 AM', '2022-09-21 1:53:33 AM', 10110, 4, 10232, '2022-09-21', '\'-#-hwuwivd'),
(676, 1, 1, 455, 'yes', 2.5, 10, 100, '2022-09-21 2:04:50 AM', '2022-09-21 2:09:54 AM', 10078, 15, 10232, '2022-09-21', 'N/A'),
(677, 1, 2, 455, 'yes', 2.5, 10, 100, '2022-09-21 2:04:50 AM', '2022-09-21 2:09:54 AM', 10078, 15, 10232, '2022-09-21', 'N/A'),
(678, 2, 3, 455, 'yes', 3.33333, 10, 100, '2022-09-21 2:04:50 AM', '2022-09-21 2:09:54 AM', 10078, 15, 10232, '2022-09-21', 'N/A'),
(679, 2, 4, 455, 'yes', 3.33333, 10, 100, '2022-09-21 2:04:50 AM', '2022-09-21 2:09:54 AM', 10078, 15, 10232, '2022-09-21', 'N/A'),
(680, 1, 5, 455, 'yes', 2.5, 10, 100, '2022-09-21 2:04:50 AM', '2022-09-21 2:09:54 AM', 10078, 15, 10232, '2022-09-21', 'N/A'),
(681, 1, 6, 455, 'yes', 2.5, 10, 100, '2022-09-21 2:04:50 AM', '2022-09-21 2:09:54 AM', 10078, 15, 10232, '2022-09-21', 'N/A'),
(682, 2, 7, 455, 'yes', 3.33333, 10, 100, '2022-09-21 2:04:50 AM', '2022-09-21 2:09:54 AM', 10078, 15, 10232, '2022-09-21', 'N/A'),
(683, 3, 8, 455, 'yes', 3.75, 15, 100, '2022-09-21 2:04:50 AM', '2022-09-21 2:09:54 AM', 10078, 15, 10232, '2022-09-21', 'N/A'),
(684, 3, 9, 455, 'yes', 3.75, 15, 100, '2022-09-21 2:04:50 AM', '2022-09-21 2:09:54 AM', 10078, 15, 10232, '2022-09-21', 'N/A'),
(685, 3, 10, 455, 'yes', 3.75, 15, 100, '2022-09-21 2:04:50 AM', '2022-09-21 2:09:54 AM', 10078, 15, 10232, '2022-09-21', 'N/A'),
(686, 3, 11, 455, 'yes', 3.75, 15, 100, '2022-09-21 2:04:50 AM', '2022-09-21 2:09:54 AM', 10078, 15, 10232, '2022-09-21', 'N/A'),
(687, 4, 12, 455, 'yes', 3.75, 15, 100, '2022-09-21 2:04:50 AM', '2022-09-21 2:09:54 AM', 10078, 15, 10232, '2022-09-21', 'N/A'),
(688, 4, 13, 455, 'yes', 3.75, 15, 100, '2022-09-21 2:04:50 AM', '2022-09-21 2:09:54 AM', 10078, 15, 10232, '2022-09-21', 'N/A'),
(689, 4, 14, 455, 'yes', 3.75, 15, 100, '2022-09-21 2:04:50 AM', '2022-09-21 2:09:54 AM', 10078, 15, 10232, '2022-09-21', 'N/A'),
(690, 4, 15, 455, 'yes', 3.75, 15, 100, '2022-09-21 2:04:50 AM', '2022-09-21 2:09:54 AM', 10078, 15, 10232, '2022-09-21', 'N/A'),
(691, 5, 16, 455, 'yes', 4, 20, 100, '2022-09-21 2:04:50 AM', '2022-09-21 2:09:54 AM', 10078, 15, 10232, '2022-09-21', 'N/A'),
(692, 5, 17, 455, 'yes', 4, 20, 100, '2022-09-21 2:04:50 AM', '2022-09-21 2:09:54 AM', 10078, 15, 10232, '2022-09-21', 'N/A'),
(693, 5, 18, 455, 'yes', 4, 20, 100, '2022-09-21 2:04:50 AM', '2022-09-21 2:09:54 AM', 10078, 15, 10232, '2022-09-21', 'N/A'),
(694, 5, 19, 455, 'yes', 4, 20, 100, '2022-09-21 2:04:50 AM', '2022-09-21 2:09:54 AM', 10078, 15, 10232, '2022-09-21', 'N/A'),
(695, 5, 20, 455, 'yes', 4, 20, 100, '2022-09-21 2:04:50 AM', '2022-09-21 2:09:54 AM', 10078, 15, 10232, '2022-09-21', 'N/A'),
(696, 6, 21, 455, 'yes', 15, 15, 100, '2022-09-21 2:04:50 AM', '2022-09-21 2:09:54 AM', 10078, 15, 10232, '2022-09-21', 'N/A'),
(697, 7, 22, 455, 'yes', 3.75, 15, 75, '2022-09-21 2:04:50 AM', '2022-09-21 2:09:54 AM', 10078, 15, 10232, '2022-09-21', 'N/A'),
(698, 7, 23, 455, 'yes', 3.75, 15, 75, '2022-09-21 2:04:50 AM', '2022-09-21 2:09:54 AM', 10078, 15, 10232, '2022-09-21', 'N/A'),
(699, 7, 24, 455, 'yes', 3.75, 15, 75, '2022-09-21 2:04:50 AM', '2022-09-21 2:09:54 AM', 10078, 15, 10232, '2022-09-21', 'N/A'),
(700, 7, 25, 455, 'no', 0, 15, 75, '2022-09-21 2:04:50 AM', '2022-09-21 2:09:54 AM', 10078, 15, 10232, '2022-09-21', 'Hehehjekek'),
(701, 1, 1, 456, 'yes', 2.5, 10, 100, '2022-09-21 4:56:31 AM', '2022-09-21 4:56:48 AM', 10364, 15, 10232, '2022-09-21', 'N/A'),
(702, 1, 2, 456, 'yes', 2.5, 10, 100, '2022-09-21 4:56:31 AM', '2022-09-21 4:56:48 AM', 10364, 15, 10232, '2022-09-21', 'N/A'),
(703, 2, 3, 456, 'yes', 3.33333, 10, 100, '2022-09-21 4:56:31 AM', '2022-09-21 4:56:48 AM', 10364, 15, 10232, '2022-09-21', 'N/A'),
(704, 2, 4, 456, 'yes', 3.33333, 10, 100, '2022-09-21 4:56:31 AM', '2022-09-21 4:56:48 AM', 10364, 15, 10232, '2022-09-21', 'N/A'),
(705, 1, 5, 456, 'yes', 2.5, 10, 100, '2022-09-21 4:56:31 AM', '2022-09-21 4:56:48 AM', 10364, 15, 10232, '2022-09-21', 'N/A'),
(706, 1, 6, 456, 'yes', 2.5, 10, 100, '2022-09-21 4:56:31 AM', '2022-09-21 4:56:48 AM', 10364, 15, 10232, '2022-09-21', 'N/A'),
(707, 2, 7, 456, 'yes', 3.33333, 10, 100, '2022-09-21 4:56:31 AM', '2022-09-21 4:56:48 AM', 10364, 15, 10232, '2022-09-21', 'N/A'),
(708, 3, 8, 456, 'yes', 3.75, 15, 100, '2022-09-21 4:56:31 AM', '2022-09-21 4:56:48 AM', 10364, 15, 10232, '2022-09-21', 'N/A'),
(709, 3, 9, 456, 'yes', 3.75, 15, 100, '2022-09-21 4:56:31 AM', '2022-09-21 4:56:48 AM', 10364, 15, 10232, '2022-09-21', 'N/A'),
(710, 3, 10, 456, 'yes', 3.75, 15, 100, '2022-09-21 4:56:31 AM', '2022-09-21 4:56:48 AM', 10364, 15, 10232, '2022-09-21', 'N/A'),
(711, 3, 11, 456, 'yes', 3.75, 15, 100, '2022-09-21 4:56:31 AM', '2022-09-21 4:56:48 AM', 10364, 15, 10232, '2022-09-21', 'N/A'),
(712, 4, 12, 456, 'yes', 3.75, 15, 100, '2022-09-21 4:56:31 AM', '2022-09-21 4:56:48 AM', 10364, 15, 10232, '2022-09-21', 'N/A'),
(713, 4, 13, 456, 'yes', 3.75, 15, 100, '2022-09-21 4:56:31 AM', '2022-09-21 4:56:48 AM', 10364, 15, 10232, '2022-09-21', 'N/A'),
(714, 4, 14, 456, 'yes', 3.75, 15, 100, '2022-09-21 4:56:31 AM', '2022-09-21 4:56:48 AM', 10364, 15, 10232, '2022-09-21', 'N/A'),
(715, 4, 15, 456, 'yes', 3.75, 15, 100, '2022-09-21 4:56:31 AM', '2022-09-21 4:56:48 AM', 10364, 15, 10232, '2022-09-21', 'N/A'),
(716, 5, 16, 456, 'yes', 4, 20, 100, '2022-09-21 4:56:31 AM', '2022-09-21 4:56:48 AM', 10364, 15, 10232, '2022-09-21', 'N/A'),
(717, 5, 17, 456, 'yes', 4, 20, 100, '2022-09-21 4:56:31 AM', '2022-09-21 4:56:48 AM', 10364, 15, 10232, '2022-09-21', 'N/A'),
(718, 5, 18, 456, 'yes', 4, 20, 100, '2022-09-21 4:56:31 AM', '2022-09-21 4:56:48 AM', 10364, 15, 10232, '2022-09-21', 'N/A'),
(719, 5, 19, 456, 'yes', 4, 20, 100, '2022-09-21 4:56:31 AM', '2022-09-21 4:56:48 AM', 10364, 15, 10232, '2022-09-21', 'N/A'),
(720, 5, 20, 456, 'yes', 4, 20, 100, '2022-09-21 4:56:31 AM', '2022-09-21 4:56:48 AM', 10364, 15, 10232, '2022-09-21', 'N/A'),
(721, 6, 21, 456, 'yes', 15, 15, 100, '2022-09-21 4:56:31 AM', '2022-09-21 4:56:48 AM', 10364, 15, 10232, '2022-09-21', 'N/A'),
(722, 7, 22, 456, 'yes', 3.75, 15, 75, '2022-09-21 4:56:31 AM', '2022-09-21 4:56:48 AM', 10364, 15, 10232, '2022-09-21', 'N/A'),
(723, 7, 23, 456, 'yes', 3.75, 15, 75, '2022-09-21 4:56:31 AM', '2022-09-21 4:56:48 AM', 10364, 15, 10232, '2022-09-21', 'N/A'),
(724, 7, 24, 456, 'yes', 3.75, 15, 75, '2022-09-21 4:56:31 AM', '2022-09-21 4:56:48 AM', 10364, 15, 10232, '2022-09-21', 'N/A'),
(725, 7, 25, 456, 'no', 0, 15, 75, '2022-09-21 4:56:31 AM', '2022-09-21 4:56:48 AM', 10364, 15, 10232, '2022-09-21', 'Bshehbe'),
(726, 1, 1, 457, 'yes', 2.5, 10, 100, '2022-09-21 4:56:31 AM', '2022-09-21 5:03:58 AM', 10107, 24, 10232, '2022-09-21', 'N/A'),
(727, 1, 2, 457, 'yes', 2.5, 10, 100, '2022-09-21 4:56:31 AM', '2022-09-21 5:03:58 AM', 10107, 24, 10232, '2022-09-21', 'N/A'),
(728, 2, 3, 457, 'yes', 3.33333, 10, 100, '2022-09-21 4:56:31 AM', '2022-09-21 5:03:58 AM', 10107, 24, 10232, '2022-09-21', 'N/A'),
(729, 2, 4, 457, 'yes', 3.33333, 10, 100, '2022-09-21 4:56:31 AM', '2022-09-21 5:03:58 AM', 10107, 24, 10232, '2022-09-21', 'N/A'),
(730, 1, 5, 457, 'yes', 2.5, 10, 100, '2022-09-21 4:56:31 AM', '2022-09-21 5:03:58 AM', 10107, 24, 10232, '2022-09-21', 'N/A'),
(731, 1, 6, 457, 'yes', 2.5, 10, 100, '2022-09-21 4:56:31 AM', '2022-09-21 5:03:58 AM', 10107, 24, 10232, '2022-09-21', 'N/A'),
(732, 2, 7, 457, 'yes', 3.33333, 10, 100, '2022-09-21 4:56:31 AM', '2022-09-21 5:03:58 AM', 10107, 24, 10232, '2022-09-21', 'N/A'),
(733, 3, 8, 457, 'yes', 3.75, 15, 100, '2022-09-21 4:56:31 AM', '2022-09-21 5:03:58 AM', 10107, 24, 10232, '2022-09-21', 'N/A'),
(734, 3, 9, 457, 'yes', 3.75, 15, 100, '2022-09-21 4:56:31 AM', '2022-09-21 5:03:58 AM', 10107, 24, 10232, '2022-09-21', 'N/A'),
(735, 3, 10, 457, 'yes', 3.75, 15, 100, '2022-09-21 4:56:31 AM', '2022-09-21 5:03:58 AM', 10107, 24, 10232, '2022-09-21', 'N/A'),
(736, 3, 11, 457, 'yes', 3.75, 15, 100, '2022-09-21 4:56:31 AM', '2022-09-21 5:03:58 AM', 10107, 24, 10232, '2022-09-21', 'N/A'),
(737, 4, 12, 457, 'yes', 3.75, 15, 100, '2022-09-21 4:56:31 AM', '2022-09-21 5:03:58 AM', 10107, 24, 10232, '2022-09-21', 'N/A'),
(738, 4, 13, 457, 'yes', 3.75, 15, 100, '2022-09-21 4:56:31 AM', '2022-09-21 5:03:58 AM', 10107, 24, 10232, '2022-09-21', 'N/A'),
(739, 4, 14, 457, 'yes', 3.75, 15, 100, '2022-09-21 4:56:31 AM', '2022-09-21 5:03:58 AM', 10107, 24, 10232, '2022-09-21', 'N/A'),
(740, 4, 15, 457, 'yes', 3.75, 15, 100, '2022-09-21 4:56:31 AM', '2022-09-21 5:03:58 AM', 10107, 24, 10232, '2022-09-21', 'N/A'),
(741, 5, 16, 457, 'yes', 4, 20, 100, '2022-09-21 4:56:31 AM', '2022-09-21 5:03:58 AM', 10107, 24, 10232, '2022-09-21', 'N/A'),
(742, 5, 17, 457, 'yes', 4, 20, 100, '2022-09-21 4:56:31 AM', '2022-09-21 5:03:58 AM', 10107, 24, 10232, '2022-09-21', 'N/A'),
(743, 5, 18, 457, 'yes', 4, 20, 100, '2022-09-21 4:56:31 AM', '2022-09-21 5:03:58 AM', 10107, 24, 10232, '2022-09-21', 'N/A'),
(744, 5, 19, 457, 'yes', 4, 20, 100, '2022-09-21 4:56:31 AM', '2022-09-21 5:03:58 AM', 10107, 24, 10232, '2022-09-21', 'N/A'),
(745, 5, 20, 457, 'yes', 4, 20, 100, '2022-09-21 4:56:31 AM', '2022-09-21 5:03:58 AM', 10107, 24, 10232, '2022-09-21', 'N/A'),
(746, 6, 21, 457, 'yes', 15, 15, 100, '2022-09-21 4:56:31 AM', '2022-09-21 5:03:58 AM', 10107, 24, 10232, '2022-09-21', 'N/A'),
(747, 7, 22, 457, 'yes', 3.75, 15, 50, '2022-09-21 4:56:31 AM', '2022-09-21 5:03:58 AM', 10107, 24, 10232, '2022-09-21', 'N/A'),
(748, 7, 23, 457, 'yes', 3.75, 15, 50, '2022-09-21 4:56:31 AM', '2022-09-21 5:03:58 AM', 10107, 24, 10232, '2022-09-21', 'Jidmmab'),
(749, 7, 24, 457, 'no', 0, 15, 50, '2022-09-21 4:56:31 AM', '2022-09-21 5:03:58 AM', 10107, 24, 10232, '2022-09-21', 'N/A'),
(750, 7, 25, 457, 'no', 0, 15, 50, '2022-09-21 4:56:31 AM', '2022-09-21 5:03:58 AM', 10107, 24, 10232, '2022-09-21', 'Habaduuu'),
(751, 1, 1, 458, 'yes', 2.5, 10, 100, '2022-09-21 4:56:31 AM', '2022-09-21 5:39:31 AM', 10747, 24, 10232, '2022-09-21', 'N/A'),
(752, 1, 2, 458, 'yes', 2.5, 10, 100, '2022-09-21 4:56:31 AM', '2022-09-21 5:39:31 AM', 10747, 24, 10232, '2022-09-21', 'N/A'),
(753, 2, 3, 458, 'yes', 3.33333, 10, 100, '2022-09-21 4:56:31 AM', '2022-09-21 5:39:31 AM', 10747, 24, 10232, '2022-09-21', 'N/A'),
(754, 2, 4, 458, 'yes', 3.33333, 10, 100, '2022-09-21 4:56:31 AM', '2022-09-21 5:39:31 AM', 10747, 24, 10232, '2022-09-21', 'N/A'),
(755, 1, 5, 458, 'yes', 2.5, 10, 100, '2022-09-21 4:56:31 AM', '2022-09-21 5:39:31 AM', 10747, 24, 10232, '2022-09-21', 'N/A'),
(756, 1, 6, 458, 'yes', 2.5, 10, 100, '2022-09-21 4:56:31 AM', '2022-09-21 5:39:31 AM', 10747, 24, 10232, '2022-09-21', 'N/A'),
(757, 2, 7, 458, 'yes', 3.33333, 10, 100, '2022-09-21 4:56:31 AM', '2022-09-21 5:39:31 AM', 10747, 24, 10232, '2022-09-21', 'N/A'),
(758, 3, 8, 458, 'yes', 3.75, 15, 100, '2022-09-21 4:56:31 AM', '2022-09-21 5:39:31 AM', 10747, 24, 10232, '2022-09-21', 'N/A'),
(759, 3, 9, 458, 'yes', 3.75, 15, 100, '2022-09-21 4:56:31 AM', '2022-09-21 5:39:31 AM', 10747, 24, 10232, '2022-09-21', 'N/A'),
(760, 3, 10, 458, 'yes', 3.75, 15, 100, '2022-09-21 4:56:31 AM', '2022-09-21 5:39:31 AM', 10747, 24, 10232, '2022-09-21', 'N/A'),
(761, 3, 11, 458, 'yes', 3.75, 15, 100, '2022-09-21 4:56:31 AM', '2022-09-21 5:39:31 AM', 10747, 24, 10232, '2022-09-21', 'N/A'),
(762, 4, 12, 458, 'yes', 3.75, 15, 100, '2022-09-21 4:56:31 AM', '2022-09-21 5:39:31 AM', 10747, 24, 10232, '2022-09-21', 'N/A'),
(763, 4, 13, 458, 'yes', 3.75, 15, 100, '2022-09-21 4:56:31 AM', '2022-09-21 5:39:31 AM', 10747, 24, 10232, '2022-09-21', 'N/A'),
(764, 4, 14, 458, 'yes', 3.75, 15, 100, '2022-09-21 4:56:31 AM', '2022-09-21 5:39:31 AM', 10747, 24, 10232, '2022-09-21', 'N/A'),
(765, 4, 15, 458, 'yes', 3.75, 15, 100, '2022-09-21 4:56:31 AM', '2022-09-21 5:39:31 AM', 10747, 24, 10232, '2022-09-21', 'N/A'),
(766, 5, 16, 458, 'yes', 4, 20, 100, '2022-09-21 4:56:31 AM', '2022-09-21 5:39:31 AM', 10747, 24, 10232, '2022-09-21', 'N/A'),
(767, 5, 17, 458, 'yes', 4, 20, 100, '2022-09-21 4:56:31 AM', '2022-09-21 5:39:31 AM', 10747, 24, 10232, '2022-09-21', 'N/A'),
(768, 5, 18, 458, 'yes', 4, 20, 100, '2022-09-21 4:56:31 AM', '2022-09-21 5:39:31 AM', 10747, 24, 10232, '2022-09-21', 'N/A'),
(769, 5, 19, 458, 'yes', 4, 20, 100, '2022-09-21 4:56:31 AM', '2022-09-21 5:39:31 AM', 10747, 24, 10232, '2022-09-21', 'N/A'),
(770, 5, 20, 458, 'yes', 4, 20, 100, '2022-09-21 4:56:31 AM', '2022-09-21 5:39:31 AM', 10747, 24, 10232, '2022-09-21', 'N/A'),
(771, 6, 21, 458, 'yes', 15, 15, 100, '2022-09-21 4:56:31 AM', '2022-09-21 5:39:31 AM', 10747, 24, 10232, '2022-09-21', 'N/A'),
(772, 7, 22, 458, 'yes', 3.75, 15, 50, '2022-09-21 4:56:31 AM', '2022-09-21 5:39:31 AM', 10747, 24, 10232, '2022-09-21', 'N/A');
INSERT INTO `historical_data` (`id`, `checklistID`, `paramID`, `sessionID`, `weight`, `calc_weight_tbd`, `total_weight`, `calc_total_weight_percentage`, `start_time`, `end_time`, `coachedID`, `coached_departmentID`, `coached_by`, `date_created`, `comment`) VALUES
(773, 7, 23, 458, 'yes', 3.75, 15, 50, '2022-09-21 4:56:31 AM', '2022-09-21 5:39:31 AM', 10747, 24, 10232, '2022-09-21', 'Jidmmab'),
(774, 7, 24, 458, 'no', 0, 15, 50, '2022-09-21 4:56:31 AM', '2022-09-21 5:39:31 AM', 10747, 24, 10232, '2022-09-21', 'N/A'),
(775, 7, 25, 458, 'no', 0, 15, 50, '2022-09-21 4:56:31 AM', '2022-09-21 5:39:31 AM', 10747, 24, 10232, '2022-09-21', 'Ugh'),
(776, 1, 1, 459, 'yes', 2.5, 10, 100, '2022-09-23 1:29:14 AM', '2022-09-23 1:29:32 AM', 10303, 2, 10232, '2022-09-23', 'N/A'),
(777, 1, 2, 459, 'yes', 2.5, 10, 100, '2022-09-23 1:29:14 AM', '2022-09-23 1:29:32 AM', 10303, 2, 10232, '2022-09-23', 'N/A'),
(778, 2, 3, 459, 'yes', 3.33333, 10, 100, '2022-09-23 1:29:14 AM', '2022-09-23 1:29:32 AM', 10303, 2, 10232, '2022-09-23', 'N/A'),
(779, 2, 4, 459, 'yes', 3.33333, 10, 100, '2022-09-23 1:29:14 AM', '2022-09-23 1:29:32 AM', 10303, 2, 10232, '2022-09-23', 'N/A'),
(780, 1, 5, 459, 'yes', 2.5, 10, 100, '2022-09-23 1:29:14 AM', '2022-09-23 1:29:32 AM', 10303, 2, 10232, '2022-09-23', 'N/A'),
(781, 1, 6, 459, 'yes', 2.5, 10, 100, '2022-09-23 1:29:14 AM', '2022-09-23 1:29:32 AM', 10303, 2, 10232, '2022-09-23', 'N/A'),
(782, 2, 7, 459, 'yes', 3.33333, 10, 100, '2022-09-23 1:29:14 AM', '2022-09-23 1:29:32 AM', 10303, 2, 10232, '2022-09-23', 'N/A'),
(783, 3, 8, 459, 'yes', 3.75, 15, 100, '2022-09-23 1:29:14 AM', '2022-09-23 1:29:32 AM', 10303, 2, 10232, '2022-09-23', 'N/A'),
(784, 3, 9, 459, 'yes', 3.75, 15, 100, '2022-09-23 1:29:14 AM', '2022-09-23 1:29:32 AM', 10303, 2, 10232, '2022-09-23', 'N/A'),
(785, 3, 10, 459, 'yes', 3.75, 15, 100, '2022-09-23 1:29:14 AM', '2022-09-23 1:29:32 AM', 10303, 2, 10232, '2022-09-23', 'N/A'),
(786, 3, 11, 459, 'yes', 3.75, 15, 100, '2022-09-23 1:29:14 AM', '2022-09-23 1:29:32 AM', 10303, 2, 10232, '2022-09-23', 'N/A'),
(787, 4, 12, 459, 'yes', 3.75, 15, 100, '2022-09-23 1:29:14 AM', '2022-09-23 1:29:32 AM', 10303, 2, 10232, '2022-09-23', 'N/A'),
(788, 4, 13, 459, 'yes', 3.75, 15, 100, '2022-09-23 1:29:14 AM', '2022-09-23 1:29:32 AM', 10303, 2, 10232, '2022-09-23', 'N/A'),
(789, 4, 14, 459, 'yes', 3.75, 15, 100, '2022-09-23 1:29:14 AM', '2022-09-23 1:29:32 AM', 10303, 2, 10232, '2022-09-23', 'N/A'),
(790, 4, 15, 459, 'yes', 3.75, 15, 100, '2022-09-23 1:29:14 AM', '2022-09-23 1:29:32 AM', 10303, 2, 10232, '2022-09-23', 'N/A'),
(791, 5, 16, 459, 'yes', 4, 20, 100, '2022-09-23 1:29:14 AM', '2022-09-23 1:29:32 AM', 10303, 2, 10232, '2022-09-23', 'N/A'),
(792, 5, 17, 459, 'yes', 4, 20, 100, '2022-09-23 1:29:14 AM', '2022-09-23 1:29:32 AM', 10303, 2, 10232, '2022-09-23', 'N/A'),
(793, 5, 18, 459, 'yes', 4, 20, 100, '2022-09-23 1:29:14 AM', '2022-09-23 1:29:32 AM', 10303, 2, 10232, '2022-09-23', 'N/A'),
(794, 5, 19, 459, 'yes', 4, 20, 100, '2022-09-23 1:29:14 AM', '2022-09-23 1:29:32 AM', 10303, 2, 10232, '2022-09-23', 'N/A'),
(795, 5, 20, 459, 'yes', 4, 20, 100, '2022-09-23 1:29:14 AM', '2022-09-23 1:29:32 AM', 10303, 2, 10232, '2022-09-23', 'N/A'),
(796, 6, 21, 459, 'yes', 15, 15, 100, '2022-09-23 1:29:14 AM', '2022-09-23 1:29:32 AM', 10303, 2, 10232, '2022-09-23', 'N/A'),
(797, 7, 22, 459, 'yes', 3.75, 15, 100, '2022-09-23 1:29:14 AM', '2022-09-23 1:29:32 AM', 10303, 2, 10232, '2022-09-23', 'N/A'),
(798, 7, 23, 459, 'yes', 3.75, 15, 100, '2022-09-23 1:29:14 AM', '2022-09-23 1:29:32 AM', 10303, 2, 10232, '2022-09-23', 'N/A'),
(799, 7, 24, 459, 'yes', 3.75, 15, 100, '2022-09-23 1:29:14 AM', '2022-09-23 1:29:32 AM', 10303, 2, 10232, '2022-09-23', 'N/A'),
(800, 7, 25, 459, 'yes', 3.75, 15, 100, '2022-09-23 1:29:14 AM', '2022-09-23 1:29:32 AM', 10303, 2, 10232, '2022-09-23', 'N/A');

-- --------------------------------------------------------

--
-- Table structure for table `parameter`
--

CREATE TABLE `parameter` (
  `id` int(255) NOT NULL,
  `parameter_name` varchar(255) NOT NULL,
  `checklistID` int(255) NOT NULL,
  `weight` float NOT NULL
) ENGINE=InnoDB DEFAULT CHARSET=utf8mb4;

--
-- Dumping data for table `parameter`
--

INSERT INTO `parameter` (`id`, `parameter_name`, `checklistID`, `weight`) VALUES
(1, 'Greeted the agent and established rapport. Set the tone of conversation', 1, 3),
(2, 'Recognized milestones, achievements, positive behaviors', 1, 3),
(3, 'Reviewed performance, metric trends, reports, QA findings ahead and have them ready for the session	', 2, 3),
(4, 'Reviewed previous coaching logs ahead of time, quantified execution of agreed actions and correlated with results', 2, 3),
(5, 'Stated discussion objective, agenda and importance of the session', 1, 0),
(6, 'Ensured coachee full attention before proceeding to the rest of the session', 1, 0),
(7, 'Provided a quick read out of the preparations done', 2, 0),
(8, 'Discussed last week performance results (highlights and lowlights) with the agent', 3, 0),
(9, 'Discussed previous weeks action items (opportunity behavior/s) and reinforced execution opportunities', 3, 0),
(10, 'Presented ample amount of call audits(recorded/live)) to establish quantity and quality of execution on previous agreed actions', 3, 0),
(11, 'Identified Focus Metrics and centered discussion around them', 3, 0),
(12, 'Presented ample amount of call audits(documented) to establish trending behaviors impacting performance	\r\n', 4, 0),
(13, 'Coach shared his/her observation of the things that went well during the call	\r\n', 4, 0),
(14, 'Guided the coachee in identifying behaviors to reinforce strengths 	\r\n', 4, 0),
(15, 'Clearly stated and clarified the problem as well as discussed the impact	\r\n', 4, 0),
(16, 'Mutually identified the performance gaps and behavior/s and agreed on SMART(Specific Measurable Actionable Realistic Timebound) actions', 5, 0),
(17, 'Demonstrated/Outlined the steps the actions employee will take to address behavior and improve performance', 5, 0),
(18, 'Identified and Demonstrated skill transfer for necessary skills for coachee to perform the actions', 5, 0),
(19, 'Identified needed/applicable resource/s and support', 5, 0),
(20, 'Outlined steps on commitment to support the coachee on the actions', 5, 0),
(21, 'Outlined the timelines of improvement expectations (glide path weekly to monthly) and mutually agreed with the coachee', 6, 0),
(22, 'Asked the coachee to summirze commitment and ensured key items were understood and captured', 7, 0),
(23, 'Set up a specific follow up date for next coaching session', 7, 0),
(24, 'Confirmed commitment and buy in', 7, 0),
(25, 'Thanked the coachee and Ensured that session ended on a positive note', 7, 0);

-- --------------------------------------------------------

--
-- Table structure for table `session`
--

CREATE TABLE `session` (
  `id` int(255) NOT NULL,
  `value` int(255) DEFAULT NULL,
  `stamp` timestamp(6) NOT NULL DEFAULT current_timestamp(6) ON UPDATE current_timestamp(6)
) ENGINE=InnoDB DEFAULT CHARSET=utf8mb4;

--
-- Dumping data for table `session`
--

INSERT INTO `session` (`id`, `value`, `stamp`) VALUES
(1, 1, '2022-08-30 22:04:22.639080'),
(2, 1, '2022-08-30 22:07:26.183706'),
(3, 1, '2022-08-30 22:09:37.477046'),
(4, 1, '2022-08-30 22:11:10.140653'),
(5, 1, '2022-08-30 22:11:39.467566'),
(6, 1, '2022-08-30 22:12:23.419252'),
(7, 1, '2022-08-30 22:12:52.441708'),
(8, 1, '2022-08-30 22:13:36.659462'),
(9, 1, '2022-08-30 22:13:51.986110'),
(10, 1, '2022-08-30 22:14:34.127644'),
(11, 1, '2022-08-30 22:15:43.656290'),
(12, 1, '2022-08-30 22:16:22.859135'),
(13, 1, '2022-08-30 22:16:43.867318'),
(14, 1, '2022-08-30 22:17:24.962838'),
(15, 1, '2022-08-30 22:18:37.505127'),
(16, 1, '2022-08-30 22:18:56.784669'),
(17, 1, '2022-08-30 22:20:14.976119'),
(18, 1, '2022-08-30 22:27:59.087099'),
(19, 1, '2022-08-30 22:29:23.763220'),
(20, 1, '2022-08-30 22:37:03.946987'),
(21, 1, '2022-08-30 22:39:43.429174'),
(22, 1, '2022-08-30 22:40:10.757149'),
(23, 1, '2022-08-30 22:43:41.257803'),
(24, 1, '2022-08-30 22:43:56.907991'),
(25, 1, '2022-08-30 22:44:48.894153'),
(26, 1, '2022-08-30 22:45:25.848913'),
(27, 1, '2022-08-30 22:46:28.499699'),
(28, 1, '2022-08-30 22:47:18.729305'),
(29, 1, '2022-08-30 22:47:35.709789'),
(30, 1, '2022-08-30 22:49:21.997133'),
(31, 1, '2022-08-30 22:50:02.037317'),
(32, 1, '2022-08-30 22:51:06.410888'),
(33, 1, '2022-08-30 22:52:31.189965'),
(34, 1, '2022-08-30 22:54:56.248840'),
(35, 1, '2022-08-30 22:59:28.200955'),
(36, 1, '2022-08-30 23:01:33.468398'),
(37, 1, '2022-08-30 23:03:27.081094'),
(38, 1, '2022-08-30 23:04:21.105546'),
(39, 1, '2022-08-30 23:04:56.387250'),
(40, 1, '2022-08-30 23:07:49.094870'),
(41, 1, '2022-08-30 23:08:06.889477'),
(42, 1, '2022-08-30 23:08:19.990508'),
(43, 1, '2022-08-30 23:08:55.301650'),
(44, 1, '2022-08-30 23:09:24.721972'),
(45, 1, '2022-08-30 23:09:49.863924'),
(46, 1, '2022-08-30 23:10:41.330729'),
(47, 1, '2022-08-30 23:24:43.951127'),
(48, 1, '2022-08-30 23:36:20.582756'),
(49, 1, '2022-08-31 12:50:20.943924'),
(50, 1, '2022-08-31 12:50:33.686262'),
(51, 1, '2022-08-31 12:50:57.513642'),
(52, 1, '2022-08-31 12:51:15.289835'),
(53, 1, '2022-08-31 12:55:53.889564'),
(54, 1, '2022-08-31 12:56:28.157455'),
(55, 1, '2022-08-31 12:59:25.060780'),
(56, 1, '2022-08-31 13:01:35.926610'),
(57, 1, '2022-08-31 13:13:11.520396'),
(58, 1, '2022-08-31 13:14:27.001950'),
(59, 1, '2022-08-31 13:15:03.375429'),
(60, 1, '2022-08-31 13:16:33.682756'),
(61, 1, '2022-08-31 13:16:51.827664'),
(62, 1, '2022-08-31 13:17:05.177880'),
(63, 1, '2022-08-31 13:17:27.374425'),
(64, 1, '2022-08-31 13:18:01.958810'),
(65, 1, '2022-08-31 13:19:16.398683'),
(66, 1, '2022-08-31 13:34:36.734759'),
(67, 1, '2022-08-31 13:34:48.512235'),
(68, 1, '2022-08-31 13:34:55.251459'),
(69, 1, '2022-08-31 13:35:34.430888'),
(70, 1, '2022-08-31 13:55:56.706333'),
(71, 1, '2022-08-31 14:12:02.568059'),
(72, 1, '2022-08-31 14:39:42.003848'),
(73, 1, '2022-08-31 14:39:52.523767'),
(74, 1, '2022-08-31 14:40:13.481933'),
(75, 1, '2022-08-31 14:40:21.162455'),
(76, 1, '2022-08-31 14:41:18.481435'),
(77, 1, '2022-08-31 14:41:23.106072'),
(78, 1, '2022-08-31 14:41:27.742713'),
(79, 1, '2022-08-31 14:41:33.071139'),
(80, 1, '2022-08-31 14:49:06.307947'),
(81, 1, '2022-08-31 14:49:23.919660'),
(82, 1, '2022-08-31 14:49:42.192789'),
(83, 1, '2022-08-31 14:56:05.871246'),
(84, 1, '2022-08-31 14:57:11.934068'),
(85, 1, '2022-08-31 14:57:43.428877'),
(86, 1, '2022-08-31 15:06:52.174412'),
(87, 1, '2022-08-31 15:07:27.226235'),
(88, 1, '2022-08-31 15:08:43.218400'),
(89, 1, '2022-08-31 15:08:54.849916'),
(90, 1, '2022-08-31 15:09:19.540546'),
(91, 1, '2022-08-31 15:14:18.541880'),
(92, 1, '2022-08-31 15:14:38.651460'),
(93, 1, '2022-08-31 15:15:42.356528'),
(94, 1, '2022-08-31 15:19:08.742460'),
(95, 1, '2022-08-31 15:19:36.709556'),
(96, 1, '2022-08-31 15:24:38.217334'),
(97, 1, '2022-08-31 15:24:58.929777'),
(98, 1, '2022-08-31 15:26:15.643553'),
(99, 1, '2022-08-31 15:28:52.825574'),
(100, 1, '2022-08-31 15:29:38.029509'),
(101, 1, '2022-08-31 15:31:41.646764'),
(102, 1, '2022-08-31 15:34:06.994365'),
(103, 1, '2022-08-31 15:34:10.166331'),
(104, 1, '2022-08-31 15:35:16.071143'),
(105, 1, '2022-08-31 15:36:37.303446'),
(106, 1, '2022-08-31 15:42:47.149009'),
(107, 1, '2022-08-31 15:43:36.906704'),
(108, 1, '2022-08-31 15:44:09.649652'),
(109, 1, '2022-08-31 15:45:39.247053'),
(110, 1, '2022-08-31 15:46:35.891100'),
(111, 1, '2022-08-31 15:48:47.294025'),
(112, 1, '2022-08-31 15:49:32.031525'),
(113, 1, '2022-08-31 15:49:56.435965'),
(114, 1, '2022-08-31 15:50:21.755471'),
(115, 1, '2022-08-31 15:51:08.868419'),
(116, 1, '2022-08-31 15:51:49.381498'),
(117, 1, '2022-08-31 15:52:22.837280'),
(118, 1, '2022-08-31 15:56:34.804846'),
(119, 1, '2022-08-31 16:06:19.085154'),
(120, 1, '2022-08-31 16:08:34.033816'),
(121, 1, '2022-08-31 16:08:50.190287'),
(122, 1, '2022-08-31 16:09:41.273294'),
(123, 1, '2022-08-31 16:09:49.969045'),
(124, 1, '2022-08-31 16:10:19.501809'),
(125, 1, '2022-08-31 16:11:33.673046'),
(126, 1, '2022-08-31 16:13:06.066754'),
(127, 1, '2022-08-31 16:13:43.148987'),
(128, 1, '2022-08-31 16:18:47.843887'),
(129, 1, '2022-08-31 16:19:19.294477'),
(130, 1, '2022-08-31 16:20:46.233666'),
(131, 1, '2022-08-31 16:22:09.053023'),
(132, 1, '2022-08-31 16:24:56.580693'),
(133, 1, '2022-08-31 16:26:17.578204'),
(134, 1, '2022-08-31 16:29:23.213753'),
(135, 1, '2022-08-31 16:33:19.439450'),
(136, 1, '2022-08-31 16:41:33.628015'),
(137, 1, '2022-08-31 16:45:28.752254'),
(138, 1, '2022-08-31 16:47:29.776831'),
(139, 1, '2022-08-31 17:07:49.756854'),
(140, 1, '2022-08-31 17:08:20.455352'),
(141, 1, '2022-08-31 17:08:57.654564'),
(142, 1, '2022-08-31 17:10:59.392875'),
(143, 1, '2022-08-31 17:21:07.236186'),
(144, 1, '2022-08-31 17:21:31.913811'),
(145, 1, '2022-08-31 17:21:46.577455'),
(146, 1, '2022-08-31 17:22:13.492732'),
(147, 1, '2022-08-31 17:22:46.359514'),
(148, 1, '2022-08-31 18:22:28.357468'),
(149, 1, '2022-08-31 20:17:36.060633'),
(150, 1, '2022-08-31 20:35:55.744510'),
(151, 1, '2022-08-31 21:52:24.046348'),
(152, 1, '2022-08-31 21:54:39.342002'),
(153, 1, '2022-08-31 21:57:25.013297'),
(154, 1, '2022-08-31 21:57:41.291755'),
(155, 1, '2022-08-31 22:21:06.182904'),
(156, 1, '2022-08-31 22:36:48.186647'),
(157, 1, '2022-08-31 22:41:47.463873'),
(158, 1, '2022-08-31 22:50:38.980590'),
(159, 1, '2022-08-31 22:51:18.329301'),
(160, 1, '2022-08-31 22:51:43.186214'),
(161, 1, '2022-08-31 22:52:36.586403'),
(162, 1, '2022-08-31 22:55:42.825201'),
(163, 1, '2022-08-31 22:56:08.073735'),
(164, 1, '2022-08-31 22:56:56.193292'),
(165, 1, '2022-08-31 23:29:33.723849'),
(166, 1, '2022-08-31 23:36:27.243555'),
(167, 1, '2022-08-31 23:37:28.352410'),
(168, 1, '2022-08-31 23:41:05.886060'),
(169, 1, '2022-08-31 23:41:24.105911'),
(170, 1, '2022-08-31 23:42:17.117414'),
(171, 1, '2022-08-31 23:44:33.777122'),
(172, 1, '2022-08-31 23:46:12.106420'),
(173, 1, '2022-09-01 00:29:14.494202'),
(174, 1, '2022-09-01 00:48:26.979495'),
(175, 1, '2022-09-01 00:54:26.416437'),
(176, 1, '2022-09-01 12:36:13.653965'),
(177, 1, '2022-09-01 12:37:25.433174'),
(178, 1, '2022-09-01 12:38:08.766838'),
(179, 1, '2022-09-01 12:39:22.415354'),
(180, 1, '2022-09-01 12:41:35.218344'),
(181, 1, '2022-09-01 12:42:52.833632'),
(182, 1, '2022-09-01 12:45:23.002743'),
(183, 1, '2022-09-01 12:49:12.368113'),
(184, 1, '2022-09-01 12:53:43.017895'),
(185, 1, '2022-09-01 12:57:59.620052'),
(186, 1, '2022-09-01 13:25:14.315936'),
(187, 1, '2022-09-01 13:29:22.997979'),
(188, 1, '2022-09-01 13:30:34.980479'),
(189, 1, '2022-09-01 13:32:09.445847'),
(190, 1, '2022-09-01 13:33:20.294597'),
(191, 1, '2022-09-01 13:34:50.631727'),
(192, 1, '2022-09-01 14:34:59.854503'),
(193, 1, '2022-09-01 14:36:06.937951'),
(194, 1, '2022-09-01 14:47:23.284908'),
(195, 1, '2022-09-01 14:48:12.372964'),
(196, 1, '2022-09-01 14:49:38.154698'),
(197, 1, '2022-09-01 14:53:55.912959'),
(198, 1, '2022-09-01 14:54:38.586273'),
(199, 1, '2022-09-01 14:57:50.563450'),
(200, 1, '2022-09-01 14:59:54.476188'),
(201, 1, '2022-09-01 15:31:35.659629'),
(202, 1, '2022-09-01 17:00:06.177799'),
(203, 1, '2022-09-05 14:55:27.691640'),
(204, 1, '2022-09-05 15:41:01.627732'),
(205, 1, '2022-09-05 16:14:39.466742'),
(206, 1, '2022-09-05 17:34:39.466081'),
(207, 1, '2022-09-05 17:40:39.403748'),
(208, 1, '2022-09-05 17:43:36.474909'),
(209, 1, '2022-09-05 17:46:45.866134'),
(210, 1, '2022-09-05 17:46:52.084829'),
(211, 1, '2022-09-05 17:55:21.696355'),
(212, 1, '2022-09-05 21:26:49.214706'),
(213, 1, '2022-09-12 21:29:46.297048'),
(214, 1, '2022-09-12 21:30:15.754564'),
(215, 1, '2022-09-19 21:51:05.025481'),
(216, 1, '2022-09-19 22:01:39.935131'),
(217, 1, '2022-09-26 22:18:10.099835'),
(218, 1, '2022-09-26 22:36:46.033416'),
(219, 1, '2022-09-26 22:37:57.096873'),
(220, 1, '2022-09-26 22:48:04.903221'),
(221, 1, '2022-09-26 23:06:12.210239'),
(222, 1, '2022-09-26 23:06:36.747276'),
(223, 1, '2022-09-26 23:07:02.322847'),
(224, 1, '2022-09-06 13:54:37.905793'),
(225, 1, '2022-09-13 14:24:47.584833'),
(226, 1, '2022-09-20 15:21:24.883481'),
(227, 1, '2022-09-27 15:28:29.598170'),
(228, 1, '2022-10-01 15:32:13.489273'),
(229, 1, '2022-10-04 15:34:02.979573'),
(230, 1, '2022-09-05 16:07:05.747159'),
(231, 1, '2022-09-12 16:43:20.529948'),
(232, 1, '2022-09-20 22:21:42.383331'),
(233, 1, '2022-09-27 22:26:40.755302'),
(234, 1, '2022-09-30 22:27:48.610515'),
(235, 1, '2022-09-05 16:18:21.942196'),
(236, 1, '2022-09-05 16:18:26.816004'),
(237, 1, '2022-09-05 16:18:36.114435'),
(238, 1, '2022-09-06 16:19:13.348901'),
(239, 1, '2022-09-06 16:27:28.386565'),
(240, 1, '2022-09-06 16:27:36.006187'),
(241, 1, '2022-09-06 16:27:51.231808'),
(242, 1, '2022-09-06 16:29:32.529035'),
(243, 1, '2022-09-06 16:29:40.315166'),
(244, 1, '2022-09-06 16:30:05.409252'),
(245, 1, '2022-09-06 16:30:15.923556'),
(246, 1, '2022-09-06 16:30:44.435095'),
(247, 1, '2022-09-06 16:34:36.231173'),
(248, 1, '2022-09-06 16:35:54.687147'),
(249, 1, '2022-09-06 16:35:56.495711'),
(250, 1, '2022-09-06 16:36:08.376460'),
(251, 1, '2022-09-05 16:37:53.546484'),
(252, 1, '2022-09-05 16:44:49.989700'),
(253, 1, '2022-09-05 16:51:40.830286'),
(254, 1, '2022-09-05 16:52:00.249878'),
(255, 1, '2022-09-05 16:52:21.275024'),
(256, 1, '2022-09-05 16:53:41.199214'),
(257, 1, '2022-09-06 16:57:55.569912'),
(258, 1, '2022-09-06 16:58:25.896603'),
(259, 1, '2022-09-06 16:58:43.519012'),
(260, 1, '2022-09-06 16:58:52.307673'),
(261, 1, '2022-09-06 17:18:31.556624'),
(262, 1, '2022-09-06 17:19:12.998588'),
(263, 1, '2022-09-06 17:19:21.597137'),
(264, 1, '2022-09-06 17:19:40.491817'),
(265, 1, '2022-09-06 17:20:22.143725'),
(266, 1, '2022-09-06 17:20:32.232694'),
(267, 1, '2022-09-06 17:22:20.152832'),
(268, 1, '2022-09-06 17:23:19.042286'),
(269, 1, '2022-09-06 17:23:51.524446'),
(270, 1, '2022-09-06 17:26:27.089384'),
(271, 1, '2022-09-06 17:26:38.710432'),
(272, 1, '2022-09-12 13:22:57.855598'),
(273, 1, '2022-09-12 13:23:01.582139'),
(274, 1, '2022-09-12 13:23:28.416076'),
(275, 1, '2022-09-12 13:24:15.694132'),
(276, 1, '2022-09-12 13:25:21.837721'),
(277, 1, '2022-09-12 13:25:49.767861'),
(278, 1, '2022-09-12 14:10:56.551834'),
(279, 1, '2022-09-12 14:13:01.232027'),
(280, 1, '2022-09-12 14:13:15.104464'),
(281, 1, '2022-10-07 14:13:50.406637'),
(282, 1, '2022-10-07 14:22:37.460603'),
(283, 1, '2022-10-07 14:26:18.031996'),
(284, 1, '2022-10-07 14:27:49.174164'),
(285, 1, '2022-10-07 14:29:06.459695'),
(286, 1, '2022-10-07 14:31:03.388619'),
(287, 1, '2022-10-07 14:49:40.991019'),
(288, 1, '2022-10-07 14:49:42.407240'),
(289, 1, '2022-10-07 14:52:46.086104'),
(290, 1, '2022-10-07 14:53:37.609619'),
(291, 1, '2022-10-07 14:54:03.439531'),
(292, 1, '2022-10-07 14:54:37.078495'),
(293, 1, '2022-10-07 14:56:52.186374'),
(294, 1, '2022-10-07 14:57:36.738791'),
(295, 1, '2022-10-07 14:58:40.827965'),
(296, 1, '2022-10-07 14:59:01.816939'),
(297, 1, '2022-10-07 15:00:17.074955'),
(298, 1, '2022-10-07 15:01:07.400834'),
(299, 1, '2022-10-07 15:01:36.086585'),
(300, 1, '2022-10-07 15:05:25.997382'),
(301, 1, '2022-09-12 15:09:08.175021'),
(302, 1, '2022-09-12 15:09:30.068714'),
(303, 1, '2022-09-12 15:10:19.455027'),
(304, 1, '2022-09-12 15:10:21.947290'),
(305, 1, '2022-09-12 15:10:22.489373'),
(306, 1, '2022-09-12 15:10:22.597531'),
(307, 1, '2022-09-12 15:10:22.784825'),
(308, 1, '2022-09-12 15:10:22.906341'),
(309, 1, '2022-09-12 15:10:23.077040'),
(310, 1, '2022-09-12 15:28:23.680039'),
(311, 1, '2022-09-12 15:28:44.659633'),
(312, 1, '2022-10-12 15:32:06.277217'),
(313, 1, '2022-10-12 15:33:43.097941'),
(314, 1, '2022-10-12 15:34:13.293348'),
(315, 1, '2022-10-12 15:43:52.072288'),
(316, 1, '2022-10-18 15:51:37.477236'),
(317, 1, '2022-10-18 16:37:01.896195'),
(318, 1, '2022-10-18 16:37:02.550761'),
(319, 1, '2022-10-18 16:37:02.662330'),
(320, 1, '2022-10-18 16:37:02.827956'),
(321, 1, '2022-10-18 16:37:03.043024'),
(322, 1, '2022-10-18 16:37:03.353098'),
(323, 1, '2022-10-18 16:37:03.490906'),
(324, 1, '2022-10-18 16:37:03.691694'),
(325, 1, '2022-10-18 16:37:03.796957'),
(326, 1, '2022-10-18 16:37:11.292970'),
(327, 1, '2022-10-18 16:48:17.469716'),
(328, 1, '2022-10-18 16:48:35.324146'),
(329, 1, '2022-10-18 16:48:36.569460'),
(330, 1, '2022-10-18 16:48:36.972037'),
(331, 1, '2022-10-18 16:48:37.331497'),
(332, 1, '2022-10-18 16:48:37.530712'),
(333, 1, '2022-10-18 16:51:53.093805'),
(334, 1, '2022-10-18 16:52:14.437684'),
(335, 1, '2022-10-18 16:52:21.961439'),
(336, 1, '2022-10-23 16:54:25.983400'),
(337, 1, '2022-10-30 16:56:02.537202'),
(338, 1, '2022-10-31 17:00:10.707688'),
(339, 1, '2022-10-31 17:00:26.125443'),
(340, 1, '2022-10-31 17:00:45.891035'),
(341, 1, '2022-10-31 17:01:23.800553'),
(342, 1, '2022-10-31 17:01:40.512106'),
(343, 1, '2022-10-31 17:02:17.581852'),
(344, 1, '2022-10-31 17:10:32.483784'),
(345, 1, '2022-10-31 17:13:02.209324'),
(346, 1, '2022-10-31 17:13:03.216624'),
(347, 1, '2022-10-31 17:13:03.357248'),
(348, 1, '2022-10-31 17:13:03.530857'),
(349, 1, '2022-11-07 17:13:32.130192'),
(350, 1, '2022-11-14 17:15:02.005644'),
(351, 1, '2022-09-13 13:57:51.641587'),
(352, 1, '2022-09-13 13:57:55.328698'),
(353, 1, '2022-09-13 13:57:59.551790'),
(354, 1, '2022-09-13 13:58:01.330220'),
(355, 1, '2022-09-13 13:58:49.453226'),
(356, 1, '2022-09-13 13:58:50.433585'),
(357, 1, '2022-09-13 14:38:10.288208'),
(358, 1, '2022-09-13 14:39:23.339358'),
(359, 1, '2022-09-13 14:41:11.957638'),
(360, 1, '2022-09-13 14:41:29.491850'),
(361, 1, '2022-09-13 14:41:48.369179'),
(362, 1, '2022-09-13 14:45:09.864071'),
(363, 1, '2022-09-13 14:45:18.832780'),
(364, 1, '2022-09-13 14:45:49.173645'),
(365, 1, '2022-11-14 14:47:12.689624'),
(366, 1, '2022-11-21 14:48:09.969966'),
(367, 1, '2022-11-21 14:49:00.682909'),
(368, 1, '2022-11-21 14:49:57.100300'),
(369, 1, '2022-11-21 14:50:43.962345'),
(370, 1, '2022-09-13 15:00:00.554859'),
(371, 1, '2022-09-13 15:00:41.117498'),
(372, 1, '2022-09-13 15:08:53.331714'),
(373, 1, '2022-09-13 15:25:11.032686'),
(374, 1, '2022-09-19 15:40:46.859449'),
(375, 1, '2022-09-19 15:42:37.259314'),
(376, 1, '2022-09-26 15:45:06.451780'),
(377, 1, '2022-09-26 15:46:39.149576'),
(378, 1, '2022-09-26 15:47:20.951770'),
(379, 1, '2022-09-26 16:35:24.595582'),
(380, 1, '2022-09-26 16:36:07.812440'),
(381, 1, '2022-09-26 16:36:25.767788'),
(382, 1, '2022-09-26 16:36:51.208045'),
(383, 1, '2022-09-26 16:37:09.537930'),
(384, 1, '2022-09-26 16:37:10.402154'),
(385, 1, '2022-09-26 17:23:40.547097'),
(386, 1, '2022-09-14 15:17:35.910364'),
(387, 1, '2022-09-14 15:33:50.145156'),
(388, 1, '2022-09-14 15:46:40.138578'),
(389, 1, '2022-09-14 15:47:10.660038'),
(390, 1, '2022-09-14 15:47:22.828308'),
(391, 1, '2022-09-14 17:59:55.675113'),
(392, 1, '2022-09-14 18:00:04.746119'),
(393, 1, '2022-09-14 18:00:38.170309'),
(394, 1, '2022-09-14 18:01:23.016241'),
(395, 1, '2022-09-14 18:03:43.864297'),
(396, 1, '2022-09-14 18:06:30.708808'),
(397, 1, '2022-09-14 21:27:35.112104'),
(398, 1, '2022-09-15 13:45:00.432822'),
(399, 1, '2022-09-15 13:58:55.363828'),
(400, 1, '2022-09-15 14:01:48.212989'),
(401, 1, '2022-09-15 14:04:23.470923'),
(402, 1, '2022-09-15 14:04:30.827284'),
(403, 1, '2022-09-15 15:41:34.460875'),
(404, 1, '2022-09-15 15:51:42.238101'),
(405, 1, '2022-09-15 22:08:51.087330'),
(406, 1, '2022-09-15 22:14:01.425769'),
(407, 1, '2022-09-15 22:14:51.866426'),
(408, 1, '2022-09-15 22:15:21.929950'),
(409, 1, '2022-09-15 22:20:52.659338'),
(410, 1, '2022-09-15 22:21:32.690569'),
(411, 1, '2022-09-15 22:24:05.823179'),
(412, 1, '2022-09-15 22:31:01.422132'),
(413, 1, '2022-09-15 22:31:16.805135'),
(414, 1, '2022-09-15 22:31:18.795899'),
(415, 1, '2022-09-17 14:12:54.477054'),
(416, 1, '2022-09-17 14:21:52.897037'),
(417, 1, '2022-09-17 14:24:24.746585'),
(418, 1, '2022-09-17 14:25:20.110303'),
(419, 1, '2022-09-17 17:39:39.279364'),
(420, 1, '2022-09-20 12:52:25.667428'),
(421, 1, '2022-09-20 13:11:21.338208'),
(422, 1, '2022-09-20 13:11:58.427875'),
(423, 1, '2022-09-20 13:12:04.540391'),
(424, 1, '2022-09-20 13:12:08.945676'),
(425, 1, '2022-09-20 15:31:04.402358'),
(426, 1, '2022-09-20 15:31:45.605461'),
(427, 1, '2022-09-20 15:33:44.895262'),
(428, 1, '2022-09-20 16:52:47.700801'),
(429, 1, '2022-09-20 16:55:08.149301'),
(430, 1, '2022-09-20 16:56:34.221009'),
(431, 1, '2022-09-20 16:57:22.572833'),
(432, 1, '2022-09-20 16:57:29.342156'),
(433, 1, '2022-09-20 16:58:59.876852'),
(434, 1, '2022-09-20 17:02:16.237602'),
(435, 1, '2022-09-20 17:02:34.024719'),
(436, 1, '2022-09-20 17:03:37.530336'),
(437, 1, '2022-09-20 17:08:48.333406'),
(438, 1, '2022-09-20 17:10:58.822894'),
(439, 1, '2022-09-20 17:12:57.227017'),
(440, 1, '2022-09-20 17:14:11.666949'),
(441, 1, '2022-09-20 17:14:41.411571'),
(442, 1, '2022-09-20 17:14:50.081840'),
(443, 1, '2022-09-20 17:15:26.595640'),
(444, 1, '2022-09-20 17:15:41.488884'),
(445, 1, '2022-09-20 17:15:43.277516'),
(446, 1, '2022-09-20 17:18:52.068641'),
(447, 1, '2022-09-20 17:19:07.232248'),
(448, 1, '2022-09-20 17:30:06.514377'),
(449, 1, '2022-09-20 17:30:29.808299'),
(450, 1, '2022-09-20 17:30:53.078762'),
(451, 1, '2022-09-20 17:39:00.562233'),
(452, 1, '2022-09-20 17:51:39.611979'),
(453, 1, '2022-09-20 17:51:47.546294'),
(454, 1, '2022-09-20 17:53:18.994470'),
(455, 1, '2022-09-20 18:09:40.089313'),
(456, 1, '2022-09-20 20:56:33.414206'),
(457, 1, '2022-09-20 21:03:43.814169'),
(458, 1, '2022-09-20 21:39:16.279822'),
(459, 1, '2022-09-22 17:29:14.759586'),
(460, 1, '2022-09-22 22:28:44.992227'),
(461, 1, '2022-09-22 22:28:51.618609'),
(462, 1, '2022-09-22 22:28:53.209865');

--
-- Indexes for dumped tables
--

--
-- Indexes for table `checklist`
--
ALTER TABLE `checklist`
  ADD PRIMARY KEY (`id`);

--
-- Indexes for table `historical_data`
--
ALTER TABLE `historical_data`
  ADD PRIMARY KEY (`id`);

--
-- Indexes for table `parameter`
--
ALTER TABLE `parameter`
  ADD PRIMARY KEY (`id`);

--
-- Indexes for table `session`
--
ALTER TABLE `session`
  ADD PRIMARY KEY (`id`);

--
-- AUTO_INCREMENT for dumped tables
--

--
-- AUTO_INCREMENT for table `checklist`
--
ALTER TABLE `checklist`
  MODIFY `id` int(255) NOT NULL AUTO_INCREMENT, AUTO_INCREMENT=11;

--
-- AUTO_INCREMENT for table `historical_data`
--
ALTER TABLE `historical_data`
  MODIFY `id` int(11) NOT NULL AUTO_INCREMENT, AUTO_INCREMENT=801;

--
-- AUTO_INCREMENT for table `parameter`
--
ALTER TABLE `parameter`
  MODIFY `id` int(255) NOT NULL AUTO_INCREMENT, AUTO_INCREMENT=26;

--
-- AUTO_INCREMENT for table `session`
--
ALTER TABLE `session`
  MODIFY `id` int(255) NOT NULL AUTO_INCREMENT, AUTO_INCREMENT=463;
COMMIT;

/*!40101 SET CHARACTER_SET_CLIENT=@OLD_CHARACTER_SET_CLIENT */;
/*!40101 SET CHARACTER_SET_RESULTS=@OLD_CHARACTER_SET_RESULTS */;
/*!40101 SET COLLATION_CONNECTION=@OLD_COLLATION_CONNECTION */;
